Breed,Color,DogName,OwnerZip
COCKAPOO,BROWN,CHARLEY,15236
GER SHEPHERD,BLACK/BROWN,TACODA,15238
BELG MALINOIS,BRINDLE,EICH,15238
MIXED,BLACK/BROWN,ARROW,15104
AM PIT BULL TERRIER,WHITE/BROWN,OAKLEY,15139
SCOTTISH TERRIER,BLACK,BAILEY,15129
YORKSHIRE TERRIER,BLACK/TAN,MIMI PEARL FOSTER,15090
DACHSHUND MIX,WHITE/BROWN,LEROI,15101
SHETLAND SHEEPDOG,WHITE/BROWN,ZOE VITSAS,15238
LABRADOR RETRIEVER,YELLOW,TAFFY,15228
BICHON FRISE,WHITE,DUDE,15238
LHASA APSO MIX,WHITE/BROWN,CHICKIE,15238
AM PITT BULL MIX,BROWN,KING,15235
AM PITT BULL MIX,WHITE,EMILY,15108
BRITTANY SPANIEL,WHITE/BROWN,ELLIE,15228
MIXED,WHITE,RUSTY,15120
TERRIER MIX,SPOTTED,,15239
COCKER SPANIEL,BLONDE,JUILET,15214
COCKER SPANIEL,BLACK,ROMEO,15214
MALTESE,WHITE,LOLA,15235
LAB MIX,BLACK,ABE,15218
MALTESE,WHITE,LOLA,15235
HAVANESE,WHITE,MAGGIE,15237
YORKSHIRE TERRIER,WHITE/BLACK/BROWN,BUDDY,15018
AKITA,BLACK/BROWN,PRINCESS,15025
BEAGLE MIX,BROWN,"CHRISTINA ""TINA""",15025
DOBERMAN MIX,BLACK,HOWIE,15239
MIXED,BLACK,HAPPY,15017
SHIH TZU,WHITE/TAN,LILLY,15137
MIXED,WHITE/BLACK,SHADOE,15045
GER SHEPHERD MIX,BLACK/BROWN,SABLE,15131
LAB MIX,BLACK,NAHBI,15136
DOBERMAN PINSCHER,BLACK/BROWN,VALKYRIE,15205
TERRIER MIX,BLACK,DOGGIE,15122
GREYHOUND,MULTI,ELLIE,15234
YORKSHIRE TERRIER,BLACK/TAN,CURIOUS GEORGE,15057
MALTESE,WHITE,WILLIE,15025
MALTESE,WHITE,SNOWBALL,15025
BEAGLE MIX,BROWN,HONEY PUCK,15241
CHIHUAHUA,BROWN,ROXY,15147
BEAGLE,WHITE/BLACK/BROWN,BUMBLE,15136
COCKER SPANIEL,WHITE/BLACK,BOJANGLES,15135
MIXED,BROWN,STELLA,15044
MORKIE,SPOTTED,NORMAN MITCHELL,15101
TERRIER MIX,WHITE/BROWN,WINNIE,15139
LAB MIX,BLACK/BRINDLE,MOLLY MAGEE,15126
MALTESE,WHITE,LOLA,15235
BRITTANY SPANIEL,WHITE/ORANGE,MADELEINE,15139
AUS SHEPHERD,WHITE/BLACK/BROWN,BANDIT,15205
LAB MIX,MULTI,KARMA,15205
LABRADOR RETRIEVER,BROWN,DAKOTA,15108
POODLE STANDARD,WHITE,SNOWBALL,15136
TREE WALK COONHOUND,WHITE/TAN,CLOVER,15229
GREAT DANE,BLACK,TITAN,15221
GER SHEPHERD,WHITE,LUNA,15102
BEAGLE,WHITE/BLACK/BROWN,MAEBY AXFORD,15108
BEAGLE,WHITE/BLACK/BROWN,MAEBY AXFORD,15108
MIXED,SPOTTED,SAINT,15202
ESTRELA MTN DOG,WHITE/BLACK/BROWN,LUCE,15227
MIXED,MULTI,BALOO,15221
LABRADOR RETRIEVER,BLACK,RUFUS GERALD WALLACE,15120
BOXER MIX,BROWN,BALEY,15239
PORTUGESE WATER DOG,BLACK,JOE,15218
GOLDEN RETRIEVER,TAN,JACKSON,15218
SHIH TZU,BROWN,TEDDY,15148
MALTESE MIX,CREAM,ASLAN MCGREGOR,15218
TERRIER MIX,TAN,CHARLIE,15139
COCKAPOO,RED,MURPHY,15241
GER SHEPHERD,BLACK/TAN,BEAR,15133
LABRADOR RETRIEVER,BLONDE,COOPER,15209
MIXED,BLONDE,ROSIE ,15241
WEIMARANER,GREY,COOPER,15136
SHEPHERD MIX,BLACK,HUNTER,15146
CANE CORSO,GREY,ZETA,15116
LAB MIX,BLACK,MAGGIE,15133
SIB HUSKY,WHITE/BLACK/BROWN,DUKE,15116
LABRADOR RETRIEVER,BLACK,BRUNO,15106
GER SHEPHERD,WHITE/BLACK/BROWN,CHARLIE,15228
BICHON FRISE,WHITE,MOLLY,15235
GOLDEN RETRIEVER,CREAM,TUCKER,15044
AM PITT BULL MIX,BROWN,ELLIE,15116
POODLE MIX,WHITE/GREY,CHLOE,15229
GOLDEN RETRIEVER,BROWN,GUS,15106
MIXED,,ROSIE,15202
GOLDEN RETRIEVER,GOLD,SYDNEY,15209
SHETLAND SHEEPDOG,WHITE/BLACK/BROWN,SISCO,15044
RAT TERRIER,WHITE/BLACK/BROWN,IZZY,15205
KEESHOND,WHITE/BLACK/BROWN,CISSIE BEAR,15042
YORKSHIRE TERR MIX,BLACK/BROWN,NEENA,15136
GOLDEN RETRIEVER,GOLD,TOBY,15135
AM PITT BULL MIX,BRINDLE,JESSIE,15068
GOLDEN RETRIEVER,GOLD,COBALT,15018
SIB HUSKY,WHITE,ISIS,15220
MIN PINSCHER,BLACK/BROWN,TONKS,15239
GOLDENDOODLE,BUFF,CARLY,15108
TAG,BLACK/BROWN,JAKE,15239
TAG,BLACK/BROWN,MISSY,15239
TAG,BLACK/BROWN,MISSY,15239
DACHSHUND MIX,BLACK/BROWN,MISSY,15045
YORKSHIRE TERRIER,BLACK/BROWN,JACK,15238
DOBERMAN PINSCHER,RED,BELLA,15227
COCKER SPANIEL,BLACK,JACKSON,15215
GOLDEN RETRIEV MIX,BROWN,TATER,15216
BORDER TERRIER,WHITE/BLACK,VIDA,15122
LAB MIX,BLACK,NIEMA MITCHELL,15212
GER SHEPHERD,BLACK/BROWN,JUDGE,15241
AM PITT BULL MIX,BRINDLE,REESE,15218
CHIHUAHUA,BROWN,RUBBLE,15131
AM PIT BULL TERRIER,SPOTTED,WINDSOR,15122
LABRADOR RETRIEVER,BROWN,ABBY,15135
MIXED,BLACK,MURPHY,15143
GOLDENDOODLE,GOLD,CHARLOTTE,15227
LABRADOR RETRIEVER,BLACK,HUNTER,15237
ENG BULLDOG,WHITE/BRINDLE,MOLLY,15102
TERRIER MIX,BROWN,BUSTER,15144
TAG,BROWN,BRUTUS,15133
SHIH TZU MIX,WHITE/BLACK,LEXI VAGNI,15102
COCKER SPANIEL,GOLD,BANDIT,15108
LABRADOR RETRIEVER,BLACK,SAMMY,15144
AKITA,BROWN,BYRD,15057
MIXED,BLACK,BLESSING,15090
ENG BULLDOG,WHITE/TAN,MEATBALL RAMIREZ DUL,15214
LAB MIX,BLACK/BROWN,SYDNEY,15239
YORKSHIRE TERRIER,BROWN/BLONDE,LOUIE,15090
AIREDALE TERRIER,BLACK/BROWN,MOSES,15108
LAB MIX,BLACK,LAYLA MINUTELLO,15044
VIZSLA,GOLD,ARCHIEE,15241
MIXED,WHITE/BLACK/BROWN,BRUTUS,15236
WEIMARANER,GREY,HEIDI,15202
MIXED,WHITE/BLACK/BROWN,BRUTUS,15236
MIXED,SPOTTED,BOUDREAUX,15146
LABRADOR RETRIEVER,BLACK,ROXY,15024
SHIH TZU,BLACK,ROSCO,15215
POMERANIAN,WHITE/BLACK/BROWN,TAJ'aa,15122
AM PIT BULL TERRIER,WHITE/BLACK,SH BOOM,15137
JACK RUSSEL TERRIER,SPOTTED,MAX,15137
AM PIT BULL TERRIER,BROWN,DAGNEY,15215
SHIH TZU MIX,BROWN,PEPA,15065
PUGGLE,TAN,HOLTZ,15223
TERRIER MIX,WHITE/BROWN,WINKY,15243
MIXED,WHITE,BUFFY,15221
PEEKAPOO,WHITE/BLACK,ANGEL,15126
SCHNAUZER MIN,BLACK,SAMMY,15209
POODLE MIX,RED,PETEY,15146
BORD COLLIE,BROWN,CROSBY,15227
CHIHUAHUA,WHITE/BROWN,HEIDI,15227
GOLDEN RETRIEVER,BROWN,LEO,15227
DACHSHUND,BROWN,CHESTER,15227
MIXED,SPOTTED,CRASH,15205
SCHNAUZER MIN,WHITE/BLACK,KOLBE,15116
MIXED,BRINDLE,BULLET,15035
COCKAPOO,BUFF,DANNY,15108
LAB MIX,BLACK,NOELLE,15239
COLLIE,WHITE/BLACK/BROWN,SCHENLEY,15044
MIXED,BLACK/BROWN,BAILEY,15237
BISHON FRISE MIX,WHITE/GREY,BELLA,15234
TERRIER,BLACK,CHIEF,15148
GER SHEPHERD,WHITE/BLACK/BROWN,LACEY,15205
LABRADOR RETRIEVER,YELLOW,PETEY,15071
LABRADOR RETRIEVER,WHITE,ROLLEN,15026
SHIH TZU,WHITE/GREY,DOODLES,15209
LABRADOR RETRIEVER,BLACK,DUKE,15642
TAG,WHITE,ZOE,15044
TERRIER MIX,WHITE/BROWN,HARPER,15120
GER SHEPHERD,BLACK/RED,THEODORA,15132
GER SHORTHAIR POINT,WHITE/BROWN,REBA,15025
GER SHORTHAIR POINT,SPOTTED,TOBY,15025
GER SHORTHAIR POINT,SPOTTED,LEO,15025
SHIH TZU,WHITE/BLACK,OSCAR,15044
DACHSHUND MIX,BROWN,PHOEBE,15065
DACHSHUND,BROWN,COPPER,15065
COCKER SPANIEL,BROWN,MOLLY,15632
W HGHLND WH TERRIER,WHITE,LIAM,15215
CHINESE SHAR-PEI,BLUE,LILY BOKIN,15133
ENG BULLDOG,WHITE/BROWN,COOKIE BOKIN,15133
TREE WALK COONHOUND,WHITE/BLACK,ROLL-N,15084
GREYHOUND,FAWN,LAINEY,15243
GREYHOUND,BLACK/BRINDLE,SMOKEY,15243
BICHON FRISE,WHITE,ZIGGY,15146
MIXED,WHITE/BLACK,ZOEY,15146
POODLE MIX,WHITE,MILO,15205
GOLDEN RETRIEVER,GOLD,MOLLY,15205
AM PIT BULL TERRIER,BLACK,NALA,15120
LABRADOR RETRIEVER,BROWN,MOOSE,15071
GOLDEN RETRIEVER,GOLD/RED,MAX,15084
YORKSHIRE TERRIER,BLACK/BROWN,TOBY,15120
AM PITT BULL MIX,BROWN,CROSBY,15237
GER SHEPHERD,BLACK/TAN,GUS,15241
MASTIFF,BEIGE,MISHA,15218
GREYHOUND,RED/BRINDLE,JASON,15044
LLEWELLIN SETTER,SPOTTED,RUFF,15005
BISHON FRISE MIX,WHITE,MOLLY,15235
COLLIE MIX,WHITE/BLACK,COOKIE,15136
LAB MIX,BLACK,BAILEYS,15136
ENG BULLDOG,WHITE,PENNY,15239
MIXED,MULTI,BETTE,15126
CHIHUAHUA,BLACK/TAN,JULIO,15126
YORKSHIRE TERRIER,BLACK/BROWN,CHARLIE,15237
LABRADOR RETRIEVER,YELLOW,MOLLY B,15205
ST BERNARD,BLACK,AVA,15237
PUG,FAWN,FIYERO,15205
PUG,FAWN,ANDY,15234
BORD COLLIE,TAN,MACARONI,15221
POMERANIAN,BLACK/BROWN,SKY,15090
BEAGLE,WHITE/BLACK/BROWN,BAILEY,15229
COCKER SPANIEL MIX,BUFF,MADDIE,15044
HAVANESE,BLACK/BROWN,PORTER,15215
GER SHEPHERD,BLACK,HARLEY,15147
MIXED,WHITE/BLACK,LEILA,15084
DACHSHUND,BROWN,TJ,15122
BICHON FRISE,WHITE,ELLA,15237
YORKSHIRE TERR MIX,BLACK/TAN,GUIDO,15227
GOLDENDOODLE,WHITE,BRADY,15017
LAB MIX,BROWN,LACEY,15241
LABRADOR RETRIEVER,BLACK,BENELLI,15037
LABRADOR RETRIEVER,YELLOW,BEAU,15037
BISHON FRISE MIX,WHITE/BROWN,SCOTTIE,15108
LAB MIX,BROWN,FINNY,15090
LAB MIX,BLACK,CHICA,15236
DOBERMAN PINSCHER,BROWN,LUCY,15236
COCKER SPANIEL,WHITE/BROWN,HONEY,15236
YORKSHIRE TERRIER,BLACK/BROWN,CANNOLI,15122
YORKSHIRE TERRIER,BLACK/BROWN,GELATI,15122
DOGUE DE BORDEAUX,BROWN,CLIFFORD,15234
WELSH TERRIER,BLACK/BROWN,BADGER,15065
LABRADOR RETRIEVER,BLACK,DEEGAN,15236
SIB HUSKY MIX,WHITE,KOTA,15235
TAG,BLACK,MICKEY FINN,15228
MIXED,WHITE,SNOOKEY,15227
LABRADOR RETRIEVER,BLACK,ASHLEY,15129
ENG SPRINGER SPANIE,WHITE/BROWN,MAGGIE MAY,15108
TERRIER,TAN,TIMBER,15129
LABRADOR RETRIEVER,BROWN,MILLIE,15129
YORKSHIRE TERR MIX,FAWN,BEAU,15137
BULL TERRIER,WHITE,CANE,15227
BEAGLE,MULTI,JACKSON,15143
SIB HUSKY,RED,LUKA RED,15237
LAB MIX,BROWN,SHILO,15143
LABRADOR RETRIEVER,SPOTTED,ROOKIE,15236
GER SHEPHERD,BLACK,CEJAY,15147
BOSTON TERRIER,WHITE/BLACK,SKYY,15131
GER SHEPHERD,BLACK/RED,TIKAANI,15132
LAB MIX,BLACK,LUCKY,15228
GER SHEPHERD MIX,BLACK,MAGGIE,15065
SHIH TZU,SPOTTED,LOUIS,15135
LAB MIX,BLACK,WINSTON,15237
GREAT DANE,SPOTTED,POKY,15065
SIB HUSKY,WHITE/RED,NIKKO BEAR,15102
BICHON FRISE,WHITE,ELLA,15090
MIXED,BLACK,CHIEF,15146
MIXED,BLACK/BROWN,SARAH,15129
SHIH TZU,WHITE,MADDIE,15202
HAVANESE,SPOTTED,CHARLOTTE,15044
GER SHEPHERD,BLACK,RINGO,15234
BOXER,BLACK/BROWN,FROTO,15106
AM BLACK&TAN COONHO,WHITE/BLACK/BROWN,CASPER,15227
BICHON FRISE,WHITE,LEXI ROSE,15237
BOERBOEL,RED,JAGGER,15229
AFFENPINSCHER,BLACK,MAX,15144
COCKAPOO,BLACK,PETEY,15116
ENG SETTER,MULTI,RUSTY,15135
LAB MIX,OTHER,ZEUS,15146
MIXED,BLACK/TAN,MYAH,15129
PARSON RUSSELL TERR,WHITE,TETRA,15129
POODLE STANDARD,WHITE,NOODLE,15147
SHIH TZU,WHITE/BROWN,MIA,15102
SCHNAUZER MIN,GREY,CHEWY,15132
DACHSHUND,RED,CHARLIE,15235
MORKIE,OTHER,MICKEY,15234
YORKSHIRE TERRIER,BLACK/BROWN,VALENTINE,15239
MIXED,WHITE/TAN,PYPER,15102
BULLMASTIFF,BLACK/BROWN,BROCK,15237
MIXED,BROWN,HANK,15220
LAB MIX,WHITE/TAN,OTIS,15147
DACHSHUND,BLACK,WILLIE,15234
CHES BAY RETRIEVER,BROWN,TUCKER,15136
SCHNAUZER MIN,GREY,SMOKY,15241
COCKER SPANIEL,BLACK,NATASHA,15102
W HGHLND WH TERRIER,WHITE,ANGUS,15051
BICHON FRISE,WHITE,CAYMAN,15238
PARSON RUSSELL TERR,SPOTTED,PEARL,15237
BOXER MIX,TAN,CHARLIE,15102
LAB MIX,WHITE/FAWN,MULLET,15136
SHETLAND SHEEPDOG,BLACK/TAN/WHITE,SHELDON,15227
SHETLAND SHEEPDOG,BLACK/TAN/WHITE,TOBIE,15227
BEAGLE,MULTI,BAGEL,15146
CHIHUAHUA MIX,BEIGE,SOFIA,15241
BLACK&TAN COONHOUND,BLACK/TAN,IRIS,15044
DACHSHUND,BROWN,REESE,15017
MORKIE,TAN,RUDI,15104
BISHON FRISE MIX,WHITE,ANGEL,15236
AUS SHEPHERD,BROWN,JAKE,15101
LAB MIX,BROWN/TAN,HAMPTON,15129
YORKSHIRE TERR MIX,BLONDE,BUDDY,15137
POODLE MIX,BLACK,ALEX,15090
LAB MIX,BLACK,REX,15090
CHIHUAHUA,WHITE/BLACK,SHADOW,15044
BEAGLE,MULTI,ROSIE ZEZZA,15205
POMERANIAN,SABLE,XANDER,15106
PUG,FAWN,ODIE,15131
CHIHUAHUA,BLACK/BROWN,OLIVIA,15120
MALTESE,WHITE,SOCHI,15228
BEAGLE,TRI-COLOR,TUBBS,15102
LABRADOR RETRIEVER,WHITE,I DREAM OF JEANNIE,15216
OTHER,,SHEILA,15102
CHIHUAHUA,WHITE/BLACK,KIRARA,15239
LAB MIX,BLACK,HARLEY,15122
GOLDENDOODLE,BROWN,BELLA,15238
BEAGLE MIX,WHITE/BROWN,GINO,15101
LAB MIX,BLACK/TAN,MALU,15129
GER SHEPHERD,BLACK/BROWN,BANJO,15205
BEAGLE,WHITE/BROWN,DUKE,15137
JACK RUSSEL TERRIER,SPOTTED,DUSAN,15137
LAB MIX,BLACK,DUKE,15044
COCKER SPANIEL,BLACK,KELLY,15137
LABRADOR RETRIEVER,WHITE,FETCH TEGANO,15026
BEAGLE,WHITE/BLACK/BROWN,RUBY,15129
ST BERNARD,WHITE/BLACK/BROWN,ZOE,15102
LABRADOR RETRIEVER,BROWN,REESE CUP,15227
GER SHEPHERD MIX,BLACK/BROWN,LUNA BELLE,15116
LAB MIX,BROWN,TALA,15116
BORD COLLIE,BLACK,MUGSY,15102
LAB MIX,BLACK,CASSIDY,15024
MIXED,MULTI,HUSRIYA,15132
SHIH TZU MIX,WHITE/BLACK,LUCY,15146
PUGGLE,WHITE/BLACK/BROWN,CHIP,15044
SHETLAND SHEEPDOG,SABLE/WHITE,LUCY,15120
GOLDEN RETRIEVER,BLONDE,FIONA,15116
BEAGLE MIX,BROWN,BELLE,15120
BERNESE MTN DOG,WHITE/BLACK/BROWN,HULA,15237
GREYHOUND,BLACK,CAPPIE,15106
YORKSHIRE TERRIER,OTHER,LUCKY,15102
W HGHLND WH TERRIER,WHITE,HARLEY,15239
GOLDEN RETRIEVER,GOLD,MAX,15044
LABRADOR RETRIEVER,BLACK,ROCKY,15044
BEAGLE,WHITE/BLACK/BROWN,NEIL,15122
TERRIER MIX,BLACK,LUCY,15044
MALTESE,WHITE,SPARKY,15065
SHETLAND SHEEPDOG,MULTI,FINN,15056
CATAHOULA LEOPARD D,MULTI,SHADOW SOL,15116
LAB MIX,BLACK,SUNDANCE,15024
LAB MIX,BROWN,GEORGIA,15243
BORD COLLIE,BLACK/TAN,PANDORA'S MAJOR BULLET,15085
FRENCH SPANIEL,WHITE/BLACK,QUINN,15116
LAB MIX,TAN,DAISY,15236
VIZSLA,BROWN,BOJANGLES,15037
TERRIER MIX,TAN,PONCHO,15122
LAB MIX,YELLOW,IZZY,15102
GER SHEPHERD MIX,BLACK,TANGO,15133
LABRADOR RETRIEVER,BLACK,ZEKE,15235
BEAGLE,WHITE/BLACK/BROWN,JAKE,15044
BORD COLLIE MIX,WHITE/BLACK,CHASE,15102
MIXED,BLACK,IKE,15236
GOLDEN RETRIEVER,GOLD,TUCKER,15236
AUS SHEPHERD,RED/BROWN,ARCHIE,15120
LAB MIX,BLACK,FERGUS,15228
BOXER,BROWN,ZOEY,15104
BEAGLE MIX,BROWN,HARLEY,15044
LAB MIX,BLACK,WONDERMUTT,15122
LAB MIX,GOLD,BRIDGET,15044
SHIH TZU,SPOTTED,ABBEY,15122
SHIH TZU,WHITE/BROWN,COLBY,15090
SHEPHERD MIX,GREY,KAYA REID,15218
MASTIFF,BROWN,BEAR,15122
GOLDEN RETRIEVER,GOLD,RILEY,15044
AM PITT BULL MIX,TAN,ADDISON,15108
MALTESE,WHITE,COOPER,15057
MALTESE,WHITE,VERSACE LOU,15227
BEAGLE,SPOTTED,BAILY,15239
LAB MIX,TAN,CHAMP,15102
BISHON FRISE MIX,WHITE/BLACK,WINSTON,15129
MIXED,BROWN,TEDDY,15136
LAB MIX,BLACK,MOLLY,15132
PUG,FAWN,SILVIO,15221
LAB MIX,BROWN,CAMPBELL HALL,15108
GOLDEN RETRIEVER,GOLD,LEXIE,15241
TERRIER MIX,MULTI,LADY,15220
BOXER,BRINDLE,NALA VIOLET,15237
GOLDENDOODLE,TAN,ELLIE,15129
MIXED,TAN,SPARKEY,15065
AM PIT BULL TERRIER,TAN,MINDY,15106
BEAGLE MIX,BLACK/TAN/WHITE,BUDDY,15090
SFT COAT WHEAT TERR,BROWN,BREWSKI,15227
BOXER MIX,BLACK/TAN/WHITE,MAGGI,15045
CHIHUAHUA,TAN,KIPPER,15237
YORKSHIRE TERRIER,BLACK/BROWN,GABBY,15044
BOXER MIX,BRINDLE,BUSTER,15209
GOLDEN RETRIEVER,GOLD,MADISON,15241
JACK RUSSEL TERRIER,TRI-COLOR,JACK,15106
LABRADOR RETRIEVER,BLACK,LUNA,15237
MIXED,BLACK,BAXTER,15102
GREAT DANE,BLACK,DANE,15221
BORD COLLIE,WHITE/RED,RIVER,15102
BEAGLE,WHITE/BROWN,CHARLIE ,15037
PARSON RUSSELL TERR,WHITE,BELLA,15106
GER SHEPHERD,BLACK/BROWN,AMBER,15202
BORDER TERRIER,BROWN,HELEN,15237
GOLDEN RETRIEVER,GOLD,KOOPER,15090
OLD ENG SHEEPDOG,WHITE/GREY,HARRY,15229
POODLE STANDARD,BLACK/SILVER,SCHROEDER,15116
SHIH TZU MIX,BROWN,REMY,16066
BEAGLE,TRI-COLOR,SAMANTHA TOO,15236
MIXED,BROWN,GEORGIOUS,15212
BEAGLE,TAN,BLONDIE,15147
PUGGLE,FAWN,PUGS,15108
MIN PINSCHER,BLACK/BROWN,SPARTAN,15236
OLD ENG SHEEPDOG,WHITE/GREY,HANDSOME,15237
PARSON RUSSELL TERR,WHITE/BROWN,ABIGAIL,15122
SCHNOODLE,WHITE/BEIGE,FLUFFY,15147
BOXER,BRINDLE,BRANDO,15007
LAB MIX,BLACK,MAGGIE,15132
BOSTON TERRIER,WHITE/BLACK,MAXIMUS,15044
LAB MIX,WHITE/BLACK,DAISY,15236
LABRADOR RETRIEVER,YELLOW,MARLEY,15132
GER SHEPHERD MIX,BROWN,LUNA,15137
BOXER,BRINDLE,SASSY,15137
MIXED,BLACK,HAPPY,15229
BOSTON TERRIER,WHITE/BLACK,BRUTUS,15133
W HGHLND WH TERRIER,WHITE,GENO,15065
SIB HUSKY,WHITE/GREY,PETEY,15239
LABRADOR RETRIEVER,YELLOW,LUCY,15144
LABRADOR RETRIEVER,BROWN,TRIXIE,15144
TERRIER MIX,WHITE/BLACK,OPIE,15137
POODLE MIX,TAN,KASSIE,15065
WELSH CORGI PEMBROK,WHITE/BLACK/BROWN,REGGIE,15220
COTON DE TULEAR,WHITE,BELLA,15139
TAG,WHITE/BLACK/BROWN,KIP,15221
SIB HUSKY,WHITE/BLACK,AMAYA,15044
LABRADOR RETRIEVER,BLACK,JUPITOR,15227
BEAGLE,WHITE/BLACK/BROWN,IZZY,15126
MIXED,APRICOT,CAPPY,15102
LABRADOODLE,WHITE/BLACK,SADIE,15215
GER SHEPHERD MIX,BROWN,CASEY,15221
AM PITT BULL MIX,BRINDLE,DOZER,15332
HAVANESE,TRI-COLOR,DUCE,15239
SCHNOODLE,BLACK,PRINCESS,15235
LAB MIX,WHITE/BLACK,HANK,15216
LABRADOR RETRIEVER,BLACK,SHELBY,15044
LAB MIX,BLACK,STRAY,15209
PAPILLON,TRI-COLOR,KISMIT,15102
PUG,BROWN,KARLEE,15025
LABRADOR RETRIEVER,CREAM,ABBEY,15037
LHASA APSO,SPOTTED,HARVEY,15108
TAG,BROWN,LEO,15241
YORKSHIRE TERR MIX,SILVER,JAXON,15137
COLLIE MIX,BLONDE,ISABELLA,15116
LABRADOR RETRIEVER,BLACK,MATTIE,15044
POODLE TOY,WHITE/BLACK,WILLY,15226
GOLDEN RETRIEVER,GOLD,BRODY,15102
JACK RUSSEL TERRIER,SPOTTED,ZIPPY,15236
CHIHUAHUA,TAN,OSCAR,15120
GER SHEPHERD MIX,WHITE/BLACK/BROWN,BANDIT,15129
AM PITT BULL MIX,BROWN,BENTLEY,15239
MIXED,BLACK/BROWN,MOLLY,15108
DACHSHUND,BLACK/BROWN,COCO,15045
CHIHUAHUA,BROWN,MUCHACHO,15108
LAB MIX,WHITE/BLACK,COSMO,15102
PEEKAPOO,BLACK,CHEWIE,15146
BOUVIER DES FLANDRE,BRINDLE,OTIS,15135
GER SHEPHERD,BLACK/BROWN/TAN,BEAR,15131
ROTTWEILER MIX,BRINDLE,ARIEL,15136
GER SHEPHERD MIX,BLACK/TAN,BEAR,15136
LABRADOR RETRIEVER,BLACK,KLAUS,15037
MIXED,BRINDLE,MOLLY,15065
TERRIER MIX,BLACK,JET,15025
MIXED,WHITE/BLACK/BROWN,MILES WINCHESTER,15122
MIXED,WHITE/BLACK,SPARKY,15218
LAB MIX,BLACK,OBEY,15106
BEAGLE,WHITE/BLACK/BROWN,JACK,15112
GOLDENDOODLE,BROWN,WINSTON,15044
LAB MIX,TAN,BELLA,15108
DACHSHUND,RED,GRACIE,15030
LAB MIX,GOLD,SOPHEE,15132
LABRADOR RETRIEVER,BLACK,PIPER,15132
JACK RUSSEL TERRIER,MULTI,LIZZY,15084
YORKSHIRE TERR MIX,WHITE/BLACK/BROWN,COOPER,15147
AM PITT BULL MIX,RED,KITA,15133
LABRADOR RETRIEVER,WHITE/YELLOW,HEIDI,15030
MIXED,WHITE/BLACK,ROONEY,15024
POMERANIAN,WHITE/TAN,SAMMY,15221
BOXER MIX,BROWN,MADDY,15025
PEEKAPOO,BLACK WITH WHITE,ROSCOE,15102
MIXED,WHITE/BLACK/BROWN,HERSHEY,15236
MIXED,BLACK,CHLOE,15102
WEIMARANER,GREY,LUTHER,15106
SHIH TZU,BROWN,SOPHIE,15024
GER SHEPHERD MIX,BLACK/TAN,SADIE,15044
SCOTTISH TERRIER,BLACK,PARKER,15243
GOLDEN RETRIEVER,BLONDE,BAILEY,15238
LAB MIX,WHITE/BLACK,KOBE,15237
MALTESE,WHITE,MAXX,15142
SHETLAND SHEEPDOG,SABLE,BELLA CONNER,15241
SIB HUSKY,WHITE/BLACK/GREY,NEEKO,15122
WEIMARANER,SILVER,RUBY LOU,15044
GER SHORTHAIR POINT,LIVER,TESSA,15227
SHEPHERD MIX,SABLE,HOGAN,15243
TERRIER MIX,WHITE/BROWN,TACO,15236
GER SHORTHAIR POINT,LIVER,YAEGER,15227
LAB MIX,BLACK,OREE,15137
OTHER,RED,GINGER,15139
POMERANIAN,TAN,TAZ,15237
GOLDEN RETRIEVER,GOLD,SANIBEL,15143
COCKER SPANIEL,TAN,JERSEY,15238
MIXED,BLACK,SNUFFY,15065
ROTTWEILER,BLACK/TAN,KATIE,15065
MIXED,BROWN,HERSHEY,15071
AUS CATTLE DOG,SPOTTED,RILEY,15112
GER SHEPHERD,BLACK/BROWN,KAYLYN,15102
MIXED,BLACK,NALA,15025
MIXED,GREY,GRACIE,15025
BEAGLE,WHITE/BLACK,LUCY,15227
BOXER MIX,BLACK/TAN/WHITE,BARUCH,15045
LABRADOR RETRIEVER,BLACK,BUDDY,15205
LABRADOR RETRIEVER,SILVER,WOODY,15037
MALTESE,WHITE,PEPPY,15137
POODLE STANDARD,BLACK,CHURCHILL,15142
CHIHUAHUA,SPOTTED,SOOKIE APPLEHEAD,15037
PUG,BLACK,PEPPER,15228
CHIHUAHUA,FAWN,THOR,15034
CAV KING CHAR SPANI,WHITE/RED,CHARLIE,15057
GOLDEN RETRIEVER,CREAM,RILEY,15243
YORKSHIRE TERR MIX,BLACK,WEDNESDAY,15037
SHIH TZU,WHITE/BLACK,KATO,15003
MIXED,BROWN,MINDY MAZUREK,15037
LAB MIX,BLACK,DUO,15237
DACHSHUND,RED,ROMEO,15239
LABRADOR RETRIEVER,YELLOW,TOBY,15238
SIB HUSKY,BLACK,DIESEL,15136
DACHSHUND,BLACK,HEIDI,15241
TAG,BROWN,NASH,15241
CAV KING CHAR SPANI,WHITE/BROWN,MERLIN,15228
YORKSHIRE TERRIER,BLACK/BROWN,CHAMPAGNE,15243
BEAGLE MIX,BLACK/BROWN,TIFFINI,15209
MIXED,BRINDLE,MIA,15037
PEKINGESE,WHITE/TAN,LOUIE,15146
COLLIE,SABLE/WHITE,HOLLY,15017
MIXED,WHITE,BELLE,15146
BEAGLE MIX,BROWN,SPIKE,15044
BEAGLE MIX,WHITE/BLACK,PUPPY,15044
BEAGLE,WHITE/FAWN,SABREENA,15144
AM PITT BULL MIX,BROWN,DUDLEY THE SUPER DOG,15071
LAB MIX,BLACK,ROMEO,15025
CAV KING CHAR SPANI,WHITE/BLACK,ANNABELLE,15057
CAV KING CHAR SPANI,WHITE/BLACK,OLIVER,15057
GER SHEPHERD,BLACK/BROWN,JUNO,15238
LABRADOR RETRIEVER,BLACK,RAINIE,15044
MIXED,GREY,GROVER,15090
SIB HUSKY MIX,WHITE/BLACK,JASTA,15135
BEAGLE MIX,BLACK/BROWN,ZIGGY,15024
SFT COAT WHEAT TERR,MULTI,POUNCE A LOT,15136
MIXED,BLACK/BROWN,MACIE,15137
GLEN OF IMAAL TERRI,BLUE,BAILEY,15102
GOLDEN RETRIEVER,GOLD,DIXIE,15106
WELSH CORGI PEMBROK,WHITE/BLACK/BROWN,LUNA,16046
GER SHEPHERD,BLACK,GUNNAR VOLBERG,15235
LABRADOR RETRIEVER,BROWN,RUGER,15108
CHIHUAHUA,BROWN,DINO,15101
CHIHUAHUA,BROWN,NICO,15101
LHASA APSO,CREAM,TWEETY,15131
MIXED,WHITE,JIM,15229
DACHSHUND,RED,NATHAN PEANUT,15068
MIXED,BLACK/BROWN,SAMMY,15037
HOUND MIX,TAN,HONEY BUN,15137
MIXED,WHITE,SCOUT,15236
DACHSHUND,BLONDE,VANESSA,73099
DACHSHUND,BLACK/BROWN,HAILEY,73099
BICHON FRISE,WHITE,SHASTA,15108
SHIH TZU MIX,WHITE/BLACK/GREY,STAR,15116
BICHON FRISE,WHITE,COCO,15108
CHIHUAHUA MIX,BLACK/BROWN,BELLA,15131
TAG,BLACK/TAN/WHITE,MO FIEVEL,15112
NORW ELKHOUND,WHITE/BLACK/GREY,COUGAR,15065
MIXED,BROWN,STEVE,15229
DACHSHUND,BLACK/TAN,RUDY,15068
LAB MIX,BLACK WITH WHITE,SADIE,15037
LABRADOR RETRIEVER,BLACK,CHESTER,15143
SHIH TZU,,ELLA MORRISON,15116
GOLDEN RETRIEVER,RED,MAX,15044
DACHSHUND,RED,GABBY,73099
DACHSHUND,BLONDE,BUDDY,73099
GOLDENDOODLE,WHITE,CHARLEY,15057
AUS SHEPHERD,BLUE,COCO ,15108
SHIH TZU,WHITE/BROWN,ROXIE,15106
AM PIT BULL TERRIER,BLACK,BLACKY,15235
MIXED,BROWN,BEAR,15122
ENTLEBUCHER SENNEN,BLACK/TAN/WHITE,BIMI,15239
MIXED,BLACK/TAN/WHITE,GINGER,15129
LABRADOR RETRIEVER,CHOCOLATE,MARLEY,15025
AM PITT BULL MIX,WHITE/BROWN,BUDDY,15223
CHIHUAHUA,WHITE/TAN,BUFFORD,15071
MIXED,TAN,KIRBY,15037
CHIHUAHUA,BROWN,TOBY,15229
LAB MIX,BLACK,COLBIE,15090
GOLDEN RETRIEVER,WHITE,BENTLEY,15026
YORKSHIRE TERR MIX,MULTI,DARLA,15205
SHIH TZU,WHITE/BLACK,BELLA ,15236
GER SHEPHERD,SABLE,CATO,15236
BOXER,WHITE/BRINDLE,HEIDI,15220
BULL TERRIER,WHITE/BLACK/BROWN,JAMESON,15228
SHEPHERD MIX,BROWN,MAGGIE,15120
GER SPITZ,WHITE,NOSEY,15205
DOBERMAN PINSCHER,FAWN,BRODY,15220
MIXED,BROWN,CHLOE,15106
LAB MIX,BROWN,ROSIE,15236
YORKSHIRE TERRIER,BLACK/TAN,ARIEL,15236
YORKSHIRE TERRIER,BLACK/BROWN,SNOOP DOG,15236
ST BERNARD,WHITE/BLACK/BROWN,MO,15044
MIXED,BLACK,KURO,15239
NEAPOLITAN MASTIFF,BLUE,NADIA,15045
COCKER SPANIEL,BLONDE,LUCKIE,15216
BEAGLE MIX,WHITE/TAN,JAKE,15090
ENG BULLDOG,WHITE/BROWN,GERTY,15225
ST BERNARD,WHITE/BLACK/BROWN,ZURI,15044
TERRIER MIX,WHITE/TAN,OLLIE,15122
GER SHEPHERD,SABLE,BULLIT,15037
CAUCASIAN OVTCHARKA,WHITE,AESIRA,15025
CAUCASIAN OVTCHARKA,GREY,MARCO,15025
BULLDOG,RED,ANGUS MCFANGUS,15236
HAVANESE,WHITE/BLACK,KHLOE,15037
DACHSHUND,BLACK,EMMA,15102
LABRADOR RETRIEVER,YELLOW,BENTLEY,15101
BULLDOG,SPOTTED,JUNIOR SAMPLES,15236
CAUCASIAN OVTCHARKA,MULTI,YAZNAH,15025
LAB MIX,BLACK/BROWN,ZUZU,15014
FOX TERRIER TOY,WHITE/BLACK/BROWN,LUCKY SEVEN,15129
YORKSHIRE TERR MIX,BLACK/GREY,ANGEL,15122
MIXED,BLACK/BROWN,ROXY,15122
LABRADOR RETRIEVER,BLACK,LUCY,15237
GOLDEN RETRIEVER,FAWN,MACIE,15237
COCKER SPANIEL MIX,WHITE/BLACK,HANNAH,15045
POODLE TOY,BLACK,CINDERELLA,15102
DACHSHUND,BLACK,SPENCER,15147
BOXER,WHITE/TAN,ROCKY,15137
MIXED,WHITE/TAN,PETEY,15122
SHEPHERD MIX,BLACK/TAN,JAKE,15122
YORKSHIRE TERRIER,BLACK/TAN,TOBY,15122
LABRADOR RETRIEVER,BROWN,RICKY,15237
IRISH SETTER,RED,KATIE,15071
SHEPHERD MIX,BLACK/BROWN,SAMMY,15122
GER SHEPHERD MIX,BROWN,PRINCESS,15071
MIXED,WHITE,CHANCE,15057
ENG SHEPHERD,WHITE/BLACK,ANNABELLE,15216
COCKAPOO,APRICOT,ZIGGY,15241
CHIHUAHUA,SPOTTED,KELSEY,15137
COCKER SPANIEL,WHITE/BROWN,CODIE,15234
COCKER SPANIEL,MULTI,MAX,15234
COCKER SPANIEL,BROWN/BLONDE,BUDDY,15102
MIXED,FAWN,FABIO,15137
SHETLAND SHEEPDOG,WHITE/BLACK,JACK,15205
PUG,FAWN,ROMEO,15137
LAB MIX,BLACK,AUTUMN,15017
YORKSHIRE TERRIER,BLACK,RUDY,15239
SHETLAND SHEEPDOG,MERLE,RASCAL,15205
GOLDENDOODLE,CREAM,ZOEY,15044
POODLE MIX,WHITE/BLACK/BROWN,TRUMAN,15241
BEAGLE MIX,BROWN,ARCHIE,15108
PUGGLE,BROWN,MAX,15057
BORD COLLIE,BLACK/TAN/WHITE,WOOKIEE,15116
GER SHEPHERD,SABLE,DEMY,15044
AUS CATTLE DOG,RED,RUBY,15129
LAB MIX,BROWN,CASHMERE,15237
LAB MIX,BLACK,BELLA,15106
PUGGLE,FAWN,CLEO,15057
BRITTANY SPANIEL,ORANGE/WHITE,ROCKY,15137
NOVA SCOTIA DUCK TO,RED,SIDNEY,15235
VIZSLA,RED,RUBY,15017
GER SHEPHERD MIX,BROWN,SHEPARD,15106
LAB MIX,BLACK,COOPER,15235
LAB MIX,BLACK,BLAZE,15239
LAB MIX,BLACK,TULA,15239
LABRADOR RETRIEVER,BLACK,BEAR,15218
GOLDEN RETRIEVER,BROWN,TOBY,15106
LAB MIX,BRINDLE,SNICKERS,15090
BOXER MIX,BLACK/BROWN,RUBY,15101
LABRADOR RETRIEVER,YELLOW,BUDDY,15135
MIXED,BLACK,SOPHIE,15057
MIXED,WHITE/BROWN,MUFFIN,15044
GOLDEN RETRIEVER,BLONDE,JELLY BEAN,15122
BORD COLLIE MIX,WHITE/BROWN,ZERO,15229
MALTESE,WHITE,MAX,15238
CHIHUAHUA,BLACK/BROWN,CHICHI RICARDO,15084
FOX TERRIER SMOOTH,WHITE/TAN,COOPER,15108
SHEPHERD MIX,BLACK/TAN,LADDY,15234
CHIHUAHUA MIX,BROWN,BLUE,15024
SHIH TZU,WHITE/BROWN,MIKA,15202
AM PITT BULL MIX,WHITE/BROWN,DELLA,15136
CHINESE SHAR-PEI,BLUE,BLUE,15136
BOXER MIX,WHITE/BLACK/BROWN,CHLOE,15122
RAT TERRIER,BLUE,NYLE,15044
LAB MIX,BLACK,HARLEY,15228
RAT TERRIER,SPOTTED,SPIKE,15084
OLD ENG SHEEPDOG,WHITE/BLACK,GILLY,15243
SFT COAT WHEAT TERR,BROWN,DUGAN,15137
LABRADOR RETRIEVER,BROWN,KALI,15065
DACHSHUND,SPOTTED,MARLEY VALENTINE,15220
LABRADOR RETRIEVER,BUFF,MOOSE,15227
LABRADOR RETRIEVER,YELLOW,MAGGIE,15101
GER SHEPHERD,BLACK/BROWN,OTTO,15229
HOUND MIX,WHITE/BLACK/BROWN,MURRAY,15129
BASSET HOUND,WHITE/BROWN,WINDSOR,15122
JAPANESE CHIN,BLONDE,WINNIE,15146
TAG,BLACK,HUNTER,15126
LABRADOR RETRIEVER,YELLOW,BEAU JAMESON,16046
GREYHOUND,BRINDLE,POPPY,15106
HOUND MIX,BLACK/BROWN,CARA,15137
AM BULLDOG,WHITE/BLACK,UNO,15140
YORKSHIRE TERRIER,BROWN,TOTO,15131
MALTESE MIX,WHITE/TAN,BRUNO,15136
TERRIER,TAN,SPIKE,15129
BORD COLLIE MIX,TRI-COLOR,HATTIE,15143
HAVANESE,BLACK,ANGELA,15122
LABRADOODLE,WHITE,TOBY,15143
LAB MIX,WHITE/TAN,HOLLY (BABE),15223
MALTESE,WHITE,LITTLE GUY,15044
YORKSHIRE TERRIER,OTHER,GIZMO-JOE,15122
SHIH TZU,WHITE/BROWN,PEPPY,15122
LABRADOR RETRIEVER,BROWN,ABBEY,15238
TERRIER MIX,WHITE/BRINDLE,LUCY,15034
BASSET HOUND,SPOTTED,LUCIE,15057
HOUND MIX,WHITE/BROWN,ROSCOE,15104
MIXED,WHITE/BLACK,CHLOE,15236
MIXED,WHITE/BLACK,DINO,15236
CHIHUAHUA,BLACK/TAN,MOLLY,15137
LABRADOR RETRIEVER,BLACK,ELLIE,15137
CHIHUAHUA,BLACK/TAN,MISTY,15137
AM PIT BULL TERRIER,BRINDLE,BUCCO,15202
GOLDEN RETRIEVER,BROWN,ABBY,15065
LAB MIX,BROWN/GOLD,LUCY,15065
GER SHEPHERD,BROWN,SERENDIPITY,15101
W HGHLND WH TERRIER,WHITE,BUDDY,15136
YORKSHIRE TERRIER,BLACK/TAN,SOPHIA,15046
YORKSHIRE TERRIER,BLACK/TAN,OLIVIA,15046
DACHSHUND MIX,BLACK/BROWN,TOBY,15024
GER SHEPHERD,BLACK/BROWN,MIA,15220
SHIH TZU,WHITE/BROWN,KILLER,15237
GOLDEN RETRIEVER,GOLD,SONNY,15209
MIXED,BLACK/BROWN,DINGO,15209
LABRADOR RETRIEVER,BLACK,NOOKIE,15209
GOLDEN RETRIEVER,GOLD,FAITH,15209
TERRIER MIX,BROWN,ZUZU,15108
PAPILLON,MULTI,MISSY,15014
SHIH TZU,WHITE/BLACK/GREY,FEZ,15218
BEAGLE,MULTI,JACK,15209
POMERANIAN,BROWN/ORANGE,RILEY,15037
MIXED,BLACK/BROWN,SKY,15225
YORKSHIRE TERRIER,BLACK,TINKERBELL II,15235
SCHNAUZER MIN,SALT/PEPPER,GUS,15037
YORKSHIRE TERRIER,BLACK/BROWN,HARLEY,15143
HOUND MIX,WHITE/BROWN,RILEY,15101
DACHSHUND,BLACK/BROWN,DAISY,15146
BEAGLE,WHITE/BROWN,CODY,15235
SHIH TZU,WHITE/GREY,RIO,15235
BEAGLE,MULTI,ROCKY,15116
MIXED,TAN,CASEY,15235
GOLDEN RETRIEVER,GOLD,LANNY,15143
MIXED,BLACK,DOOLIN,15238
TERRIER MIX,WHITE/BLACK,LADY,15236
MIXED,WHITE/BROWN,BENTLEY,15143
LABRADOR RETRIEVER,BROWN,TIGER LILY,15122
BORDER TERRIER,WHITE/BLACK,BEANS,15148
MIXED,BRINDLE,MONGO,15136
GER SHEPHERD,BLACK/BROWN,TUCKER,15116
LABRADOR RETRIEVER,YELLOW,ZEKE,15017
PEKINGESE,BLACK/BROWN,HOLLEY,15236
BOXER MIX,BROWN,DIXIE,15003
PUG,BROWN,AVA,15215
BOXER,BRINDLE,VALENTINE,15044
BOXER,WHITE/BRINDLE,BELLA,15044
COTON DE TULEAR,WHITE,FAITH ANN,15137
LAB MIX,WHITE/BLACK,BAGGER,15235
TERRIER MIX,BLACK,MILO,15239
SCOTTISH TERRIER,BLACK,MOLLY,15146
SCOTTISH TERRIER,BLACK,MOLLY,15146
SCHNAUZER MIN,SALT/PEPPER,OWEN,15220
LABRADOR RETRIEVER,BLACK,RIPLEY,15148
BASSET HOUND,WHITE/BLACK,CALEIGH,15223
BASSET HOUND,WHITE/BROWN,CHELSEA,15223
MIXED,WHITE/BLACK/BROWN,ROXIE,15236
AM ESKIMO DOG,WHITE,ZOE,15147
BORDER TERRIER,SPOTTED,OREO,15234
YORKSHIRE TERRIER,BLACK/TAN,SOPHIE,15137
GER SHEPHERD,BLACK/BROWN,SEBASTIAN,15236
GER SHEPHERD,BLACK/TAN,BENTLEY MARSTON,15227
CAV KING CHAR SPANI,WHITE/BROWN,MARLA,15101
MIXED,WHITE/BLACK/BROWN,APPOLO,15146
SHIH TZU,BLACK/BROWN,COCOA,15239
GER SHEPHERD,BLACK/BROWN,ZIVA,15102
OTHER,BROWN/BLONDE,BUDDY,15137
MIXED,BLACK/BROWN,ZIGGY,15132
PARSON RUSSELL TERR,WHITE/BROWN,SMUDGE-BEE,15106
ENG BULLDOG,WHITE/BROWN,MORGAN,15243
ENG BULLDOG,WHITE/BROWN,MERL,15243
ENG BULLDOG,WHITE/BROWN,CAPT,15243
ENG BULLDOG,WHITE/BROWN,GRETA,15243
ENG BULLDOG,WHITE,BABE,15243
ENG BULLDOG,WHITE/BROWN,GIN,15243
SIB HUSKY,WHITE/BLACK,PALIN,15237
POMERANIAN,SABLE,COCO,15136
POMERANIAN,CREAM,SKEETER,15136
BEAGLE,BLACK/TAN/WHITE,FANCY,15026
GER SHEPHERD,BLACK/BROWN,SHOCKLY,15133
CHIHUAHUA MIX,BLACK,DAISY,15116
MALTESE,WHITE,LITTLE LITTLE,15209
BEAGLE MIX,WHITE/BROWN,TRACE,15221
GOLDEN RETRIEVER,GOLD/RED,NICHOLAS,15235
DACHSHUND,BROWN,BOSCOE,15227
TERRIER MIX,BLACK,SADIE,15068
BICHON FRISE,WHITE,BENJI,15229
YORKSHIRE TERR MIX,SILVER,CHEWIE,15227
TERRIER MIX,BLACK,PEPSI,15024
COCKER SPANIEL,BLONDE,NUTMEG,15136
LABRADOR RETRIEVER,BLACK,MAX,15146
POMERANIAN,BROWN/TAN,ROCKY,15236
MALTI-POO,TRI-COLOR,PIA,15101
SHIH TZU,WHITE/TAN,LOUIE,15120
SCHNAUZER MIN,WHITE,BERT,15236
SCHNAUZER MIN,SALT/PEPPER,MORGAN,15236
PARSON RUSSELL TERR,WHITE/BLACK,KANE,15065
MIXED,BROWN,PEANUT,15025
LABRADOR RETRIEVER,RED,BOURBON,15101
GOLDEN RETRIEVER,GOLD,ELVIS,15102
BEAGLE,MULTI,SNUGS,15139
ENG SPRINGER SPANIE,SPOTTED,BLAZE,15221
DACHSHUND,RED,LEO,15229
DALMATION MIX,WHITE,DAISY,15037
LHASA APSO,TRI-COLOR,ANNIE,15057
YORKSHIRE TERRIER,BLACK/GOLD,SHANKS LUCKY OMEN,15136
PUG,FAWN,GUS,15037
TAG,BROWN,BOOMER,15136
BICHON FRISE,WHITE,CHARLIE,15229
SIB HUSKY,SILVER,ECHO,15136
COLLIE,WHITE/BROWN,SADIE DARLIN,15228
ENG SPRINGER SPANIE,WHITE/LIVER,EMILE,15133
MIXED,BLACK/BROWN,MADDIE,15243
MIXED,BLACK,ABBY,15024
GOLDEN RETRIEVER,BLONDE,NATASHA,15144
GER SHEPHERD MIX,BROWN,BOO,15332
ENG COCKER SPANIEL,BLACK,BRANDY,15106
W HGHLND WH TERRIER,WHITE,HERSHEY,15227
SHIH TZU,WHITE/TAN,ABBY,15220
SHIH TZU,TAN,LOLA,15120
GOLDENDOODLE,WHITE/BROWN,LIZZIE,15106
SCHNOODLE,BLACK/SILVER,FIONA,15129
MALTESE,WHITE,GEORGIE,15102
BEAGLE MIX,SPOTTED,SOPHIE,15122
CHIHUAHUA,BLACK/BROWN,SKIPPER,15132
BEAGLE MIX,BRINDLE,TIGGER,15101
MIXED,BLACK WITH WHITE,CHAS,15017
FRENCH BULLDOG,MULTI,MARTHA,15228
LABRADOR RETRIEVER,BLACK,FERGUS,15143
BOXER MIX,WHITE/BLACK/BROWN,NEKO,15108
BOXER,WHITE/BLACK/BROWN,SUGAR RAE,15133
CHIHUAHUA,WHITE/BROWN,MALA,15146
COCKAPOO,BLONDE,BRANDY,15051
MIXED,CREAM,WILLOW,15005
SCHNAUZER MIN,SALT/PEPPER,ABIGAIL,15106
MALTESE MIX,WHITE,DAWSON,15037
PARSON RUSSELL TERR,SPOTTED,FANNIE,15024
GOLDENDOODLE,BLACK/SILVER,SILVER GIRL,15214
SHETLAND SHEEPDOG,SABLE/WHITE,BLAZE,15235
SHIH TZU MIX,BROWN,MYLO,15108
PUG,BLACK,ROSA PARKS,15228
BOSTON TERRIER,BLACK WITH WHITE,GEORGIE,15228
SHIH TZU,WHITE/BLACK,ABBY,15132
YORKSHIRE TERRIER,BLACK/GOLD,ANGEL,15220
POODLE MIN,APRICOT,ROXIE,15108
AIREDALE TERRIER,BLACK/BROWN,WALTER,15005
SHIH TZU,BROWN,RUSTY ,15037
GER SHEPHERD,WHITE/BLACK/BROWN,GUS,15239
COLLIE MIX,WHITE/BLACK,KRIS,15218
BICHON FRISE,WHITE,BENTLEY,15235
BEAGLE MIX,WHITE/BLACK/BROWN,CHARLEY,15227
DOBERMAN PINSCHER,BLACK/BROWN,LEO,15227
LAB MIX,BLACK,SADIE,15146
MALTESE,WHITE/BLACK,PEPPER,15137
MALTESE,WHITE,TOFU,15220
POODLE MIN,APRICOT,COCO,15120
BRITTANY SPANIEL,ORANGE/WHITE,TUCKER,15239
BOYKIN SPANIEL,BROWN,BUCKEYE,15215
AFFENPINSCHER,BLACK/BROWN,JESSIE,15037
CHIHUAHUA MIX,WHITE,PRECIOUS,15101
YORKSHIRE TERR MIX,TAN,MAX,15216
MIXED,BLACK/BROWN,TAKOMA,15071
LABRADOR RETRIEVER,BROWN,AMOS,15132
FOX TERRIER TOY,WHITE/BLACK,RUDY,15090
COLLIE,WHITE/BLACK/BROWN,TANNER,15236
YORKSHIRE TERRIER,BLACK/BROWN,BUSTER,15044
BOSTON TERRIER,WHITE/BLACK,BELLA,15110
W HGHLND WH TERRIER,WHITE,ABBY,15237
HAVANESE,WHITE/BLACK,SADIE,15236
MALTESE,WHITE,WILSON,15220
GER SHEPHERD,WHITE,BELLA,15104
TERRIER MIX,BRINDLE,TOPAZ,15229
LABRADOODLE,CREAM,LUCY,15102
BORD COLLIE MIX,WHITE/BRINDLE,RALPH,15106
COLLIE MIX,MULTI,KATY,15106
YORKSHIRE TERR MIX,BLACK/BROWN,RUBY,15084
LHASA APSO,BLACK,CRUISER,15057
GOLDEN RETRIEVER,RED/BROWN,COOPER,15238
TERRIER,BLACK/TAN,GEORGE,15044
POMERANIAN,CREAM,NICKY,15146
LHASA APSO,OTHER,BABBA,15129
COTON DE TULEAR,WHITE,SNOWBALL,15129
LHASA APSO MIX,WHITE/FAWN,PENNEY,15236
LAB MIX,WHITE/BLACK,OLIVER,15205
MALTESE,WHITE,MAX,15090
GOLDENDOODLE,BLACK/GREY,FINNIGAN,15243
YORKSHIRE TERRIER,MULTI,DUTCHESS II,15214
MALTESE,WHITE,MERCEDES,15065
BORD COLLIE MIX,WHITE/BLACK,GUINNESS,15237
MIXED,BLACK,JULIETT,15065
AM PIT BULL TERRIER,BLACK/BROWN,SADIE,15084
SHIH TZU,BLACK/BROWN,suzie,15108
GOLDENDOODLE,CREAM,COCO,15101
COCKAPOO,BLACK,DEXTER,15131
MALTESE MIX,WHITE/BROWN,ROLO,15063
MIXED,WHITE/BLACK/BROWN,LILLY,15237
BEAGLE,MULTI,ABBY,15202
TERRIER MIX,WHITE/TAN,JULIA,15147
YORKSHIRE TERR MIX,SILVER,ZOIE,15084
GER SHEPHERD MIX,YELLOW,SHEBA,15136
PUG,WHITE,FANNY,15227
BORD COLLIE,BLACK WITH WHITE,KINJA,15007
CHIHUAHUA,WHITE,HANK,15229
BLUE HEELER,MERLE,BRADY,15071
W HGHLND WH TERRIER,WHITE,DAISY,15068
BEAGLE,MULTI,SMOKEY,15136
CHIHUAHUA,BROWN,SONYE,15136
ENG SPRINGER SPANIE,WHITE/BROWN,TROOPER,15044
MIN PINSCHER,BROWN,BENTLEY,15236
AKITA MIX,WHITE/BLACK/BROWN,KOBY,15237
LAB MIX,RED,KIRBY,15209
TERRIER MIX,WHITE,ANGEL,15136
LAB MIX,WHITE/BLACK,ROSIE,15024
W HGHLND WH TERRIER,WHITE,WINSTON,15136
BEAGLE,WHITE/BROWN,RUBY,15238
LABRADOR RETRIEVER,YELLOW,MARLEY,15024
TERRIER,BROWN,GUS,15063
TERRIER MIX,WHITE/BLACK,BOOTS,15071
POODLE TOY,BLACK/BROWN,RAMBO,15122
YORKSHIRE TERR MIX,TAN,CHOOKIE,15145
LAB MIX,BLACK,AMY,15210
BOSTON TERRIER,BLACK,BUBBA,15136
MIXED,BROWN,DEE DEE,15031
BEAGLE,SPOTTED,COLBY,15037
CAIRN TERRIER,BLACK/BROWN,WALTER,15104
MIXED,BROWN,SAGE,15035
AKITA,WHITE/BROWN,KAYLIE,15025
MIXED,BROWN,BELLA,15035
BICHON FRISE,WHITE,LADY JANE,15120
POODLE STANDARD,APRICOT,CARAMEL ,15229
YORKSHIRE TERRIER,MULTI,LUCKY,15017
YORKSHIRE TERRIER,BLACK,IZZY,15045
GOLDENDOODLE,APRICOT,RUGBY,15235
POODLE MIN,APRICOT,PEPE,15133
BEAGLE,BLACK WITH WHITE,SHORTCAKE,15237
MIXED,WHITE/BLACK,BELLE,15024
YORKSHIRE TERRIER,BLACK/TAN,SASSY,15229
PARSON RUSSELL TERR,BLONDE,LADY-JANE,15133
MIXED,WHITE/BLACK,RANGER,15132
LAB MIX,BLACK,BUDDY,15024
MIXED,BLACK,RILEY,15202
MIXED,BLACK,APPLE,15145
COLLIE,MERLE,JETT,15237
POMERANIAN,WHITE/ORANGE,FOXY CUCKLA,15216
MIXED,WHITE/BLACK,BELLA,15145
CHIHUAHUA MIX,WHITE/BLACK,ANGIE,15209
SHIH TZU,BLONDE,SUNNY,15135
LABRADOR RETRIEVER,YELLOW,BAILEY,15143
BEAGLE,MULTI,BUNKER,15143
BICHON FRISE,WHITE,ANGELIE,15116
GER SHEPHERD MIX,BLACK,MURPHY,15236
BORD COLLIE MIX,WHITE/BLACK,DEE OH GEE,15106
GER SHEPHERD MIX,BLACK,CC,15236
W HGHLND WH TERRIER,WHITE,CLYDE,15122
ENG SPRINGER SPANIE,WHITE/BLACK,MURPHY,15024
COCKAPOO,BLACK,MADIE,15220
MIXED,WHITE/BLACK/BROWN,BEAR,15126
MASTIFF,SABLE,BLUEBELL,15209
CHOW CHOW MIX,TAN,GINGER,15122
LABRADOR RETRIEVER,BLACK,DAZZLE,15237
SCHNAUZER MIN,BLACK/SILVER,HEIDI,15133
MORKIE,BLONDE,MARTINI,15145
ENG TOY SPANIEL,BLACK WITH WHITE,LILLY,15017
SCHNAUZER MIN,WHITE,HEIDI,15236
TERRIER MIX,WHITE/BROWN,TRIXIE,15237
POODLE TOY,BROWN,BEAR,15146
BOXER,BRINDLE,BUDDY,15044
LHASA APSO,BLONDE,THOR,15133
DACHSHUND,RED/BROWN,GRETCHEN,15237
SHETLAND SHEEP MIX,BLACK,BEAR,15332
GOLDEN RETRIEVER,CREAM,SIR MAXWELL HUEY,15108
GOLDEN RETRIEVER,GOLD,KIPPER,15101
LABRADOR RETRIEVER,BLACK,JESSIE,15068
MIXED,MULTI,RUFUS,15065
MIXED,BROWN,MISTER,15139
YORKSHIRE TERR MIX,BROWN,CUTIE,15227
RAT TERRIER,SPOTTED,JACK,15136
DACHSHUND,RED,MONI,15037
DACHSHUND,RED,IVY,15037
YORKSHIRE TERR MIX,GREY,KACIE,15122
MIXED,WHITE/ORANGE,CAESER,15104
CHIHUAHUA,FAWN,TAFFY,15227
COLLIE MIX,MULTI,HOLLY,15241
W HGHLND WH TERRIER,WHITE,SPARKY,15108
LABRADOR RETRIEVER,YELLOW,TOBY 2,15031
MIXED,BROWN,VANESSA,15065
BERNESE MTN DOG,WHITE/BLACK/BROWN,LEO,15239
CHIHUAHUA,BLACK,MIA,15102
MIXED,CREAM,SNICKERS,15044
LAB MIX,TAN,FIONA,15044
TERRIER MIX,WHITE/BLACK,OREO,15112
ENG SETTER,WHITE,BANDIT,15101
GOLDEN RETRIEVER,BROWN,WILL,15102
GER SHEPHERD MIX,BROWN,ANNIE,15209
IRISH TERRIER,BLACK/ORANGE/BRINDLE,EVA,15037
POODLE TOY,BLACK/BROWN,ELVIS,15238
CHIHUAHUA,BROWN,LUCY,15129
MIXED,WHITE/BLACK,REILLY,15017
CHIHUAHUA,FAWN,SUGAR,15227
BEAGLE,TRI-COLOR,ABBY,15044
BEAGLE MIX,WHITE/BLACK/BROWN,SUSANNA DEAN,15227
LAB MIX,WHITE/BLACK,GATOR,15044
SHIH TZU,BLACK,NICK,15137
TERRIER,MULTI,DUKE,15112
SHIBA INU,RED,FIONA,15239
LABRADOR RETRIEVER,BROWN,JAVA,15065
SHIH TZU,WHITE,BUTTONS,15132
SHIH TZU,WHITE/BROWN,ZOEY,15044
SHIH TZU,WHITE/BLACK,CHARLIE,15044
AUS SHEPHERD,WHITE/BLACK/BROWN,BABY,15044
SCHNAUZER MIN,WHITE/GREY,RILEY,15243
MALTESE MIX,FAWN,BISCUIT,15236
COCKER SPANIEL,BUFF,TEDDY,15143
BEAGLE MIX,WHITE/BROWN,ABBY,15037
SHIH TZU,WHITE/BLACK,BINGO,15132
GER SHEPHERD,BLACK/TAN,SAMANTHA,15076
LABRADOR RETRIEVER,TAN,ZAK,15037
ENG COCKER SPANIEL,BLACK WITH WHITE,KATIE,15101
HAVANESE,BLACK,BRUGGE,15044
COCKAPOO,BLACK,MOLLY,15049
ENG SPRINGER SPANIE,WHITE/LIVER,LUCY,15131
MIXED,BROWN,JACK,15223
NEWFOUNDLAND,BLACK,HENRY J,15044
AM PITT BULL MIX,TAN,SADIE,15147
BEAGLE MIX,BLACK,SAMMY,15101
ENG SPRINGER SPANIE,WHITE/BLACK,ABBY,15101
LABRADOR RETRIEVER,OTHER,TOBY,15236
SHIH TZU,SPOTTED,TIFFANY JOY,15044
PUG,BROWN,MEISTER,15101
GER SHEPHERD,BLACK/TAN,ZENA,15132
SHIH TZU,WHITE/RED,BAMBINO VIOLA NATALE BUENO,15106
CHIHUAHUA,WHITE/BROWN,TUCKER,15236
NOVA SCOTIA DUCK TO,BROWN,MOLLY,15116
GOLDEN RETRIEVER,GOLD,SEVENTY,15116
CAV KING CHAR SPANI,RED,MAZEL,15024
TAG,BLACK,SASSY,15024
SHETLAND SHEEPDOG,BLUE,WINSTON,15241
TERRIER MIX,WHITE,GRACIE,15044
MIXED,SPOTTED,MISS KITTY,15106
BEAGLE MIX,WHITE/BROWN,OKIE,15229
MALTESE,WHITE,PENNY,15122
BEAGLE MIX,WHITE/BLACK/BROWN,BUSTER,15137
TAG,BROWN,ABBIE,15090
GREYHOUND,MULTI,DANCER,15108
MIXED,BLACK,OLIVE,15024
BICHON FRISE,WHITE,BENJY,15102
CHIHUAHUA,WHITE/BLACK,DELLIAH,15101
BEAGLE MIX,WHITE/BROWN,COCO,15236
SCOTTISH TERRIER,WHEATON,JOCKO,15044
BRITTANY SPANIEL,WHITE/ORANGE,SHANE,15143
COCKER SPANIEL,TAN,BAYLEY,15044
BICHON FRISE,WHITE,GRACIE,15044
GOLDEN RETRIEVER,RED/BLONDE,ABBY,15065
YORKSHIRE TERR MIX,BLACK/BROWN,LUCY,15116
SHIH TZU,WHITE/BLACK/BROWN,PENNY,15238
CAROLINA DOG,TAN,SAHARA,15243
PARSON RUSSELL TERR,WHITE/BLACK/BROWN,ROXI,15025
SHETLAND SHEEPDOG,WHITE/BROWN,BUDDY BLUE,15205
MIXED,BLACK,CORKY,15065
SHIH TZU MIX,SPOTTED,TROY,15216
CAROLINA DOG,TAN,BEN,15243
MIXED,BLACK,SHASTA,15227
CHIHUAHUA,WHITE/BROWN,EMMA,15120
LAB MIX,BLACK,BUDDY,15044
SHETLAND SHEEPDOG,WHITE/BLACK/BROWN,MAGIC SYDNEY,15136
BICHON FRISE,WHITE,HOLLY,15241
TERRIER MIX,BLACK WITH WHITE,NEKO,15108
SHIH TZU,WHITE/BLACK,HAIRY,15102
PARSON RUSSELL TERR,WHITE,CASSIE,15065
POODLE STANDARD,BLACK,MOXIE,15228
MIXED,WHITE/BLACK,JAKE,15057
LAB MIX,BLACK,CINDER VOLLMER,15102
MALTESE,WHITE,SADIE,15024
MIXED,WHITE/BLACK,CADY,15037
BOXER MIX,BROWN,ZEEVA,15136
ROTTWEILER,BLACK,BABY GIRL,15065
MIXED,WHITE/BLACK,GEMINI,15129
BOSTON TERRIER,BLACK,EDGAR,15223
LABRADOR RETRIEVER,YELLOW,BENTLEY,15116
MIXED,WHITE/BROWN,GIDGET,15106
MIXED,WHITE/BLACK,HOLLY,15243
PARSON RUSSELL TERR,WHITE/BROWN,SAMATHA,15236
COLLIE,SABLE/WHITE,SWEET PEA,15229
LAB MIX,WHITE,GRACIE,15215
GOLDEN RETRIEV MIX,GOLD,SHANIA,15209
W HGHLND WH TERRIER,WHITE,BAILEY,15044
BEAGLE,WHITE/BLACK/BROWN,DAISY,15091
MIXED,WHITE/BLACK,LILLY,15106
MIXED,BEIGE,MIA,15108
MIXED,WHITE/BEIGE,SPARKY,15122
LAB MIX,BLACK,MEME,15147
LAB MIX,BLACK,SOPHIE,15090
PARSON RUSSELL TERR,WHITE/TAN,BUDDY,15025
PEKINGESE,WHITE/BLACK,DIAMOND,15148
ALAS MALAMUTE,BLACK/BROWN,MUTO,15144
ALAS MALAMUTE,WHITE,LIL KODY,15144
BISHON FRISE MIX,BROWN/TAN,JAKE,15071
BEAGLE MIX,WHITE/BLACK,ADDIE,15234
YORKSHIRE TERRIER,BLACK/TAN,MISSY ,15116
CHINESE CRESTED,BLACK/BROWN/TAN,TEDDY,15129
MIN PINSCHER,BROWN,T BRADSHAW,15235
BEAGLE MIX,WHITE/BLACK,PIPPY,15234
MIXED,BROWN,BUDDIE,15122
COCKER SPANIEL,WHITE/BLACK,OZZIE,15108
TERRIER,WHITE/BLACK,LILLI B,15217
SFT COAT WHEAT TERR,BLONDE,SCHKLES,15217
MIXED,BLACK/GOLD,SMOKIE,15137
WEIMARANER,GREY,SUSI,15236
YORKSHIRE TERRIER,BLACK/BROWN,EMMA,15239
CAIRN TERRIER,WHEATON,DUNCAN,15143
SIB HUSKY MIX,MULTI,G-2,15144
GREYHOUND,RED,OLIVE,15144
AM PITT BULL MIX,BLUE,JORDAN,15030
GER SHORTHAIR POINT,SPOTTED,CHAMP,15065
LABRADOR RETRIEVER,YELLOW,LEO,15084
MIXED,WHITE,GUPPY,15146
ALAS MALAMUTE,WHITE/BLACK/GREY,ZEUS,15102
RAT TERRIER,WHITE/BLACK,BUSTER BROWN BATMAN,15132
SHIH TZU,BLACK WITH WHITE,MARLEE,15037
YORKSHIRE TERR MIX,MULTI,MISHKA,15239
BLOODHOUND,BROWN,MITZY,15229
YORKSHIRE TERRIER,BLACK/BROWN,SKYE,15237
BEAGLE MIX,SPOTTED,STORM,15210
CHIHUAHUA,SPOTTED,MOLLY,15108
LAB MIX,TAN,DUKE,15137
ROTTWEILER,BLACK/BROWN,BALLAK,15102
BOXER,BROWN,HOSS,15205
PEEKAPOO,WHITE/BROWN,RASCAL,15102
YORKSHIRE TERRIER,WHITE/BLACK/BROWN,BUNNY,15025
MIXED,BLACK,ROXIE,15101
PUGGLE,RED,DEACON,15221
SHIH TZU MIX,WHITE/BLACK,BUD,15237
MIXED,FAWN,KRISSY,15227
BERNESE MTN DOG,BLACK/TAN/WHITE,GRETEL,15215
BEAGLE,WHITE/BLACK/BROWN,SNOOPY,15044
BEAGLE,BLACK/TAN,SGT. BRICK,15147
AUS SHEPHERD,BLACK,CHARLEY,15227
BEAGLE MIX,BLACK/TAN,SADIE,15122
BEAGLE MIX,SPOTTED,CASH,15238
TAG,WHITE/TAN,MAC,15209
BEAGLE,WHITE/BLACK/BROWN,FREDDIE,15126
BOXER,BROWN,CAILLOU,15037
LAB MIX,YELLOW,SUNNY,15129
GER SHEPHERD MIX,BLACK/TAN,ROXIE,15024
YORKSHIRE TERR MIX,BLACK/BROWN,TACO,15225
SHIH TZU,SPOTTED,MITTY,15239
GER SHEPHERD MIX,WHITE,MCGEE,15216
MIN PINSCHER,BROWN,BO,15236
RAT TERRIER,BROWN,MISSY,15133
RAT TERRIER,BROWN,STEWART,15133
TAG,WHITE/BROWN,NASH,15102
COCKAPOO,BROWN/TAN,POPTART,15146
POODLE MIX,BLACK,SPOOKY,15228
LABRADOR RETRIEVER,BLACK,LUCY,15238
BORD COLLIE,WHITE/BLACK,PARKER,15142
GOLDENDOODLE,BROWN,WINNIE,15102
MORKIE,WHITE,ANGEL,15668
PEEKAPOO,BLACK,CHARLIE,15243
GREAT PYRENEES,WHITE,JAMESON,15024
GOLDEN RETRIEVER,GOLD,BUCKINGHAM BADGER SZESTERNIAK,15239
PEEKAPOO,WHITE/TAN,BOO,15136
PUGGLE,BLACK,ELREY,15235
SHIH TZU,WHITE/BLUE,TEDDY,15241
BEAGLE,TRI-COLOR,SOPHIA,15068
SHIH TZU MIX,WHITE,RUTHIE,15237
TERRIER MIX,BLACK,THOR,15108
BORD COLLIE,BLACK,ABBY,15108
BEAGLE MIX,BLACK,MARSHMELLOW,15108
BEAGLE,BROWN,LULU,15090
BOXER,BROWN,ZOE,15241
SIB HUSKY,RED,BANDIT,15137
LABRADOODLE,BROWN,CHLOE,15241
GOLDEN RETRIEV MIX,GOLD,ZOE,15065
TERRIER,SPOTTED,GABE,15239
MIXED,BROWN,COOPER,15071
GER SHEPHERD,BLACK,JACK BROCK,15143
MIXED,WHITE/BLACK,SIDNEY,15071
PUGGLE,BLACK/BROWN,KALUHA,15106
GOLDEN RETRIEVER,RED/BROWN,CHESTER,15102
LABRADOR RETRIEVER,BROWN,GUNNER,15017
HAVANESE,SPOTTED,TUCKER,15090
SHIH TZU,OTHER,ASHTON,15116
LABRADOODLE,GOLD,ROCCO,15139
MIXED,BROWN,POE,15044
REDBONE COONHOUND,RED,JACKSON,15044
LAB MIX,BLACK,NIGEL,15116
MIXED,WHITE/APRICOT,LUCY,15112
CAIRN TERRIER,WHEATON,RUBY,15237
BISHON FRISE MIX,WHITE,LACI,15238
LABRADOR RETRIEVER,YELLOW,BAILEY,15238
MIXED,BROWN,EPPEY,15218
TAG,BROWN,DAHLIA,15136
BEAGLE,RED,FELIX,15202
GREYHOUND,BROWN,DASH,15237
BASSET HOUND,RED,JETHRO,15239
PEEKAPOO,BLACK,LITTLE BIT,15223
PEEKAPOO,WHITE,DUDE,15101
LABRADOR RETRIEVER,BLACK,MAGGIE ,15241
AUS SHEPHERD,BLUE,SUMMIT,15223
RHODESIAN RIDGEBACK,BROWN,BRECK,15044
LAB MIX,BLACK,PENELOPE,15131
BULL TERRIER,WHITE,DOLLY PARTON,15235
DACHSHUND,RUST,RASTA,15239
MOUNTAIN CUR,BLACK/BROWN,MYA,15136
TAG,WHITE/BROWN,ANNIE,15148
GER SHEPHERD MIX,BROWN,EMMETT,15108
TAG,FAWN,BUSTER,15143
LAB MIX,BLACK,BUDDY,15044
LHASA APSO,ORANGE/WHITE,SANDY,15206
GOLDEN RETRIEVER,BLONDE,BUSTER,15108
LABRADOR RETRIEVER,BLACK,CHASE,15102
YORKSHIRE TERRIER,BLACK/TAN,MACY,15227
POODLE MIN,BLACK,DANNY,15108
GER SHEPHERD,RED/BROWN,DAKOTA,15108
LAB MIX,BROWN,MYA,15237
VIZSLA,BROWN,CHLOE,15243
LAB MIX,TAN,BOSTON,15101
GREAT DANE,SPOTTED,LEELOO,15215
MIXED,WHITE/TAN,SONIC,15223
GER SHEPHERD,BLACK/BROWN,KATO,15116
LAB MIX,WHITE,SERRIA,15205
LAB MIX,WHITE,SERRIA,15205
BEAGLE MIX,TRI-COLOR,LINCOLN,15101
PORTUGESE WATER DOG,WHITE/BROWN,BOLT,15142
PORTUGESE WATER DOG,WHITE/BLACK,YAYA,15142
TAG,TAN,SCOUT,15108
BEAGLE,SPOTTED,ICHEE,15218
AM PITT BULL MIX,SPOTTED,CHELSIE,15063
LABRADOR RETRIEVER,BLACK,REX,15209
GOLDEN RETRIEVER,GOLD,BOSLEY,15135
YORKSHIRE TERRIER,CREAM,MONTY,15102
SHIH TZU,WHITE/BROWN,CHASSIE,15237
SIB HUSKY,WHITE/BLACK,PANDA,15037
BEAGLE MIX,WHITE/BROWN,CHARLIE,15017
SFT COAT WHEAT TERR,BROWN,MAVERICK,15238
LABRADOR RETRIEVER,CHOCOLATE,BUSTER,15238
BOXER,BROWN,PENNY,15065
MIXED,BROWN,BLUE,15235
DACHSHUND,RED,DAISY,15090
LAB MIX,BROWN,ZOEY,15209
LOWCHEN,WHITE/BLACK,BRUNO,15044
POODLE MIX,WHITE/BROWN,LUCY,15057
BEAGLE,WHITE/BROWN,JAKE,15108
AM PITT BULL MIX,BROWN/GOLD,TUFFY,15221
CHINESE CRESTED,WHITE,CASHMERE,15025
AM ESKIMO DOG,WHITE/BLACK,KELLY,15133
LAB MIX,BLACK,SYDNEY,15221
PUG,FAWN,SWEET PEA,15229
MIXED,WHITE,AUGGIE,15017
LAB MIX,BROWN,BEAU,15236
MIXED,WHITE,CASPER,15238
CANE CORSO,BRINDLE,NYX,15129
PUGGLE,BROWN,CHANCELLOR,15136
COCKER SPANIEL,WHITE/BLACK,SADIE,15035
RETRIEVER MIX,WHITE/BROWN,MARLEY,15136
GOLDEN RETRIEVER,GOLD,ELLA,15147
GER SHEPHERD,BLACK/BROWN,APOLLO,15126
LAB MIX,BLACK,CLEO,15045
GER SHEPHERD,BLACK/BROWN,CLEMENTINE,15102
LLEWELLIN SETTER,SPOTTED,ROYAL BONDHU (PETE),15135
POMERANIAN MIX,WHITE/BROWN,MACI,15332
LAB MIX,BLACK,MOLLY,15084
SCHNOODLE,BLACK,SOPHIE,15215
LAB MIX,BLACK,BRUTUS,15229
WIREHAIR PT GRIFFON,BROWN,WALTER,15235
AM BULLDOG,WHITE,BAILEY,15132
MIXED,BLACK/BROWN,BUDDY,15044
MIN PINSCHER,BLACK/TAN,BROWNIE,15044
BOXER MIX,BRINDLE,TITUS,15025
MIXED,WHITE/BLACK,OREO,15108
AM STAFF TERRIER,BLACK,ELLIE,15133
BEAGLE,WHITE/BLACK/BROWN,DAISY,15035
CHIHUAHUA,WHITE/BLACK,TACCO,15136
MIXED,BROWN/TAN,BENTLEY,15237
SIB HUSKY,WHITE/BROWN,SADIE,15235
PEEKAPOO,WHITE/BLACK,BUDDY,15106
LABRADOR RETRIEVER,WHITE,BODE,15241
TAG,YELLOW,LUNA,15139
DACHSHUND,BLACK,MAX,15228
ENGLISH MASTIFF,FAWN,KIRBY,15218
BEAGLE,WHITE/BLACK/BROWN,JAKE,15216
TAG,BROWN,MISSY,15234
YORKSHIRE TERR MIX,BLACK/BROWN,CECE,15234
LAB MIX,BLACK/BRINDLE,MALCOLM,15237
COTON DE TULEAR,WHITE,BEAU,15108
TAG,TAN,ALLI,15084
SFT COAT WHEAT TERR,TAN,JOHNNY,15106
AM PITT BULL MIX,FAWN,SIDNEY,15136
DACHSHUND,WHITE/BLACK,MINNIE,15237
DACHSHUND,BLACK/BROWN,GIDGET,15237
BORDER TERRIER,WHITE,JUSTICE,15205
BOSTON TERRIER,WHITE/BLACK,BRUIN APICELLA,15136
LABRADOR RETRIEVER,BROWN,WALTER,15228
PARSON RUSSELL TERR,WHITE,JANE,15239
BOXER MIX,BROWN,BUBBA,15084
SHEPHERD MIX,BLACK/TAN,PORTER,15101
POMERANIAN,BROWN/TAN,NALA,15205
POODLE STANDARD,BLACK,COSETTE,15235
BRITTANY SPANIEL,ORANGE,LUCA,15044
BRITTANY SPANIEL,ORANGE/WHITE,EMMALEE,15044
TAG,BLACK/TAN,MAXIMUS,15025
MIXED,BROWN,PHOEBE,15025
CAIRN TERRIER,WHEATON,BOSCOE,15209
PUGGLE,FAWN,HANNAH,15227
LAB MIX,CHOCOLATE,COOPER,15101
POMERANIAN,BLACK,SAMPSON,15106
LAB MIX,WHITE/BROWN,GARO,15243
SHIH TZU,TAN,PERCY,15017
AM PIT BULL TERRIER,TAN,RIO,15215
PUGGLE,BROWN,LILY,15215
LABRADOR RETRIEVER,CHOCOLATE,DRAKE,15102
HAVANESE,SABLE,CLYDE,15116
BOSTON TERRIER,BLACK,LUCY,15108
LABRADOR RETRIEVER,CHOCOLATE,SOPHIE,15108
BLUETICK COONHOUND,MULTI,TOBY,15090
HAVANESE,WHITE/BROWN,LUCY,15229
GOLDENDOODLE,WHITE,ZLATY,15044
COCKER SPANIEL MIX,APRICOT,WINSTON,15044
BEAGLE MIX,WHITE/BLACK/BROWN,GIO,15126
HOUND MIX,BLACK/TAN/WHITE,BAILEY,15116
YORKSHIRE TERR MIX,BLACK,TOOTSIE,15102
SIB HUSKY,RED/BRINDLE,ZEUS,15137
GER SHEPHERD,BLACK/TAN,ZOEY MARCHLEWSKI,15024
BEAGLE,SPOTTED,DAISY,15146
MIXED,BLACK,DORA,15132
CHIHUAHUA,WHITE,LEO,15132
GOLDEN RETRIEVER,WHITE,MAGGIE,15132
LABRADOR RETRIEVER,FAWN,PIKE,15101
ITALIAN GREYHOUND,FAWN,SYDNEY,15239
LAB MIX,BLACK,REMINGTON,15221
CHIHUAHUA,WHITE,BABY,15101
YORKSHIRE TERRIER,BLACK/TAN,DAISY,15239
MIXED,WHITE,MIKO FLEURY MILLER,15122
FOX TERRIER WIRE,SPOTTED,MADISON,15131
MIXED,RED,HOOCH,15234
TAG,WHITE/BLACK,SKRILLEX,15071
GER SHEPHERD,BLACK,CAPO,15090
GER SHORTHAIR POINT,SPOTTED,MURPHY,15236
GER SHEPHERD,BLACK,CUGINO,15090
PARSON RUSSELL TERR,WHITE/TAN,HUNTER,15234
LABRADOR RETRIEVER,BLONDE,PEANUT,15137
SHIH TZU,WHITE,BABY,15135
BEAGLE MIX,BLACK/BROWN,TOBY,15106
LAB MIX,TAN,MICKEY,15216
YORKSHIRE TERRIER,BLACK/GOLD,LUCY,15090
CHIHUAHUA MIX,WHITE/TAN,ACE,15044
LABRADOR RETRIEVER,BLACK,JAX,15215
POMERANIAN,BLACK/TAN,MACIE,15108
SCHNAUZER GIANT,BLACK,DAISY,15237
AM PIT BULL TERRIER,WHITE/BLACK/BROWN,CHICA,15025
POMERANIAN,BLACK,OLIVIA,15108
POMERANIAN,RED/BROWN,MANDIE,15108
GER SHEPHERD MIX,BROWN/TAN,BLUE,15148
LAB MIX,BLACK,KIARA,15209
POMERANIAN,BLACK,WILSON,15108
POMERANIAN,WHITE,SEATTLE,15108
POMERANIAN,ORANGE,SHERMAN,15108
POMERANIAN,MERLE,LYNCH,15108
POMERANIAN,ORANGE,GRAHAM,15108
CHIHUAHUA,WHITE/BLACK,CHALUPA,15106
GOLDEN RETRIEVER,GOLD,ROXY,15106
GREAT DANE,FAWN,BELLA,15209
GER SHEPHERD MIX,WHITE/BLACK/BROWN,TIPPER,15025
FRENCH BULLDOG,CREAM,FIFI,15218
FRENCH BULLDOG,BLUE,PUCK,15218
PUG,TAN,CROSBY,15218
CHIHUAHUA,WHITE,ANGEL,15216
GOLDEN RETRIEVER,GOLD,KANE,15202
LABRADOR RETRIEVER,YELLOW,PARKER,15205
LABRADOR RETRIEVER,BROWN,BUDDY,15137
SHETLAND SHEEP MIX,BROWN,MAGGIE,15237
MIXED,BLACK,COLE,15106
LAB MIX,WHITE/TAN,LILLY,15239
TERRIER MIX,BLACK,MILLIE,15025
YORKSHIRE TERRIER,BLACK/BROWN,REESE,15025
GOLDENDOODLE,CREAM,SULLIVAN,15205
BEAGLE MIX,WHITE/TAN,SOSA,15223
BASSET HOUND,WHITE/BROWN,RUSTY,15146
YORKSHIRE TERRIER,BROWN,BUDDY,15146
LAB MIX,BLACK,CAROLINE,15146
PLOTT HOUND,GOLD,ELLIE MAE,15129
ROTTWEILER,BLACK/BROWN,JESSE,15236
BORD COLLIE MIX,WHITE/BLACK,BAILEY,15237
SCHNAUZER MIN,BLACK,ARIEL,15235
ORI PEI,WHITE/BROWN,DUNCAN,15234
ROTTWEILER,BLACK/TAN,LAYLA,15057
POODLE MIX,WHITE,SIMON,15202
SCHNAUZER STANDARD,GREY,LUCY,15202
LAB MIX,RED,ANGEL,15046
SHIH TZU,WHITE/BLACK/BROWN,MOSELY,15228
CHIHUAHUA,WHITE/BROWN,JAKE,15084
CAIRN TERRIER,BUFF,TUCKER,15131
LABRADOR RETRIEVER,YELLOW,JUDE,15122
W HGHLND WH TERRIER,WHITE,HIGGINS,15209
W HGHLND WH TERRIER,WHITE,TOBY,15209
SCOTTISH TERRIER,BLACK,CORRY,15237
PARSON RUSSELL TERR,,JESSIE,15146
SHIH TZU,WHITE/TAN,CAESAR,15090
LABRADOR RETRIEVER,YELLOW,WINNIE,15228
SHIH TZU,WHITE/BROWN,ZOE,15106
LHASA APSO,MULTI,MOLLY,15237
BEAGLE,WHITE/BLACK/BROWN,SALLY,15120
TAG,WHITE/BLACK/BROWN,BUDDY,15243
BISHON FRISE MIX,WHITE,COOPER,15090
LAB MIX,BLACK,LUCY,15044
FOX TERRIER WIRE,WHITE/BLACK/BROWN,JIMMY,15235
BISHON FRISE MIX,WHITE,RILEY,15236
DACHSHUND MIX,BLACK/BROWN,SOPHIE,15135
CHIHUAHUA,BROWN,PENNY,15236
DACHSHUND MIX,BROWN,HARLEY,15236
DACHSHUND MIX,BLACK/BROWN,CODY,15236
YORKSHIRE TERR MIX,GREY,ROMEO,15126
SHIH TZU,WHITE/BLACK,CHUCKY,15132
MIXED,BLACK,MICKEY,15137
GER SHEPHERD MIX,GREY,CHARLIE,15241
CHIHUAHUA,BLACK,DOG,15110
SHIH TZU MIX,WHITE/BLACK/BROWN,ELSA,15108
SHIH TZU,WHITE/TAN,LILY,15108
BORD COLLIE MIX,BLACK,JOEY,15237
BORD COLLIE MIX,BLACK,BENNIE,15237
WELSH CORGI PEMBROK,WHITE/BROWN,SWISS,15147
BOSTON TERRIER,WHITE/BLACK,MARINO,15102
BOSTON TERRIER,WHITE/BLACK,FINN,15216
CAV KING CHAR SPANI,WHITE/BLACK/BROWN,MICKIE,15108
CAV KING CHAR SPANI,WHITE/BLACK/BROWN,FREDDIE ,15108
MALTESE,WHITE,BELLA,15229
MALTESE,WHITE,OLIVER,15229
COLLIE MIX,WHITE/BLACK/BROWN,JINJER GEIBEL,15215
BEAGLE MIX,BLACK/BROWN,LYLA,15234
PUG,BLACK,MILLER,15108
BEAGLE MIX,WHITE/BLACK,BAILEY,15236
SCHNAUZER MIN,SALT/PEPPER,DINKY,15236
FRENCH BULLDOG,CREAM,LAYLA,15241
GER SHEPHERD,BLACK/BROWN,GUNNER,15146
AM PIT BULL TERRIER,BLACK/BROWN,ZENA,15332
LABRADOR RETRIEVER,BROWN,TEDDY,15218
SHIH TZU,WHITE/BROWN,SADIE,15110
AUS SHEPHERD,RED/BLONDE,THOR,15215
GER SHORTHAIR POINT,BROWN,OTIS,15237
PUG,BLACK,HODOR,15102
SCHNOODLE,BLACK,CUTCH,15116
LABRADOR RETRIEVER,YELLOW,NOVA,15116
MIXED,BLACK/BROWN,MAX,15065
AUS SHEPHERD,WHITE/BROWN,RENNIE,15147
AUS SHEPHERD,BLACK/MERLE,ABBY,15147
MIXED,BROWN,JAXIE,15229
BULLDOG,FAWN,RUBBLE,15238
BEAGLE MIX,BLACK/BROWN,LYLA,15234
SHIH TZU MIX,WHITE/BLACK,LUCA,15131
BEAGLE MIX,WHITE/BLACK,BELLA,15236
CAV KING CHAR SPANI,WHITE/BROWN,ANNABELLE,15108
PUG,FAWN,GRUMBLES,15108
AUS SHEPHERD,TRI-COLOR,COLT,15122
AUS SHEPHERD,TRI-COLOR,REMI,15122
NEWFOUNDLAND,BROWN,KLONDIKE,15090
MIXED,BROWN,PIPPA,15122
LAB MIX,WHITE,MAGOO,15234
BICHON FRISE,WHITE,RANGO,15238
BORD COLLIE,WHITE/BLACK,GRACIE,15228
PUG,FAWN,PUMBAA,15228
SHIH TZU,BLACK,MISO,15106
POODLE MIX,WHITE/BLACK,MAVERICK,15143
LAB MIX,BROWN,CHARLIE,15136
BORD COLLIE MIX,BLACK/BROWN,SAWYER,15025
GER SHEPHERD MIX,BROWN,JOLIE,15234
GER SHEPHERD MIX,MULTI,BOOMER,15044
GER SHEPHERD,WHITE,GHOST,15218
SIB HUSKY MIX,WHITE/BEIGE,RAGNAR,15218
POMERANIAN,MULTI,ROCKY,15068
GER SHEPHERD,BLACK/TAN,KAYLEE,15146
SCOTTISH TERRIER,BLACK,MACTAVISH,15235
MIXED,WHITE/BLACK,LUNA,15146
BULLMASTIFF,BLACK/FAWN,ROCKY,15146
SHIH TZU,WHITE/TAN,COCO,15090
HAVANESE,SPOTTED,IZZY,15090
MIXED,MULTI,TREAT,15237
LABRADOODLE,BROWN,LUCY,15025
LAB MIX,BLACK,SAM,15214
LABRADOR RETRIEVER,BROWN,BUDDY,15131
GER SHEPHERD,BLACK,HAILEE,15049
LHASA APSO,SPOTTED,TOMMY,15237
HAVANESE,SPOTTED,ALFIE,15237
BOXER MIX,BLACK WITH WHITE,HAZEL,15227
GOLDEN RETRIEVER,GOLD,CRUSH,15084
CAROLINA DOG,BROWN,BELLE,15129
SIB HUSKY,WHITE/BLACK,MANNY,15136
AUS SHEPHERD,WHITE/BLACK,PANDA,15216
LABRADOR RETRIEVER,BLACK,BENTLEY,15017
YORKSHIRE TERR MIX,BLACK,PANSY,15216
BORD COLLIE MIX,WHITE/BLACK,MITZIE ,15216
MIXED,BLACK/BROWN,BO,15218
YORKSHIRE TERRIER,BROWN,ALI,15241
LABRADOR RETRIEVER,YELLOW,BELLE,15108
YORKSHIRE TERR MIX,BLACK/BROWN/TAN,BELLA SPEER,15017
ENG SPRINGER SPANIE,SPOTTED,SPORTS PEN BIELAK,15065
AM PIT BULL TERRIER,BLACK,DEMI,15108
MIXED,WHITE/BLACK,CHINA,15236
HAVANESE,WHITE/BLACK,APOLLO,16046
OTHER,WHITE/BROWN,JAKE,15102
CHIHUAHUA,CINNAMON,JACK,15025
BOSTON TERRIER,BLACK/BRINDLE,BANDIT,15025
BASSET HOUND,WHITE/BLACK/BROWN,BARTLEBY,15216
POODLE STANDARD,BLACK,SOPHIE,15214
SIB HUSKY,WHITE/BLACK,NANOOK,15068
LABRADOR RETRIEVER,YELLOW,MONTANA,15101
LABRADOR RETRIEVER,YELLOW,MACI,15143
ENG SPRINGER SPANIE,WHITE/LIVER,HAILEY,15046
ENG SPRINGER SPANIE,WHITE/LIVER,COCO,15046
AM PITT BULL MIX,BRINDLE,BRODY TRESSLER,15106
CHIHUAHUA,WHITE,ANTHONY,15024
BOXER,BRINDLE,AVA BELLA,15205
LABRADOR RETRIEVER,YELLOW,JADE,15024
BOXER,FAWN,SOPHIE,15136
SHIH TZU MIX,WHITE/TAN,TOBY,15143
MIXED,BLACK,HANNAH,15229
BEAGLE,WHITE/BLACK/BROWN,BAXTER,15120
LABRADOR RETRIEVER,BLACK,SHYLAH,15090
DACHSHUND,RED,MILO,15228
TAG,BLACK/TAN,MOCHA,15228
LAB MIX,BLACK/BRINDLE,MAGGIE,15106
LAB MIX,BLACK/BROWN,PORTER,15090
LABRADOR RETRIEVER,BROWN,GUINESS,15202
LABRADOR RETRIEVER,BROWN,PENNY,15209
MIXED,TAN,CHRISSY,15228
AM PIT BULL TERRIER,TAN,BIG MEECH,15122
OLD ENG SHEEPDOG,OTHER,ALBEE,15236
SIB HUSKY MIX,WHITE/BLACK/BROWN,ROSIE,15236
TAG,WHITE/BLACK,BOGEY,15108
AM PIT BULL TERRIER,WHITE/BLACK,LUCY,15239
MIXED,BRINDLE,LEO,15241
DACHSHUND,BLACK/BROWN,NALA,15133
YORKSHIRE TERR MIX,BLONDE,REX,15236
MIXED,WHITE/TAN,JOEY,15221
BLUE HEELER,WHITE/BLACK/BROWN,JOLENE,15106
MIXED,BLACK,LOUIE,15106
BELG MALINOIS,BROWN,KODA,15025
GER SHEPHERD,BLACK/BROWN,CHEWY,15108
MIXED,GREY,PACHO,15143
W HGHLND WH TERRIER,WHITE,TOBY,15136
CHIHUAHUA MIX,BROWN,LOLA,15108
LAB MIX,WHITE/BLACK,ELIZABETH,15147
PUG,WHITE/BLACK,MUGSY,15065
LAB MIX,WHITE/BROWN,SHARLE,15146
CHIHUAHUA,FAWN,PHOEBE,15146
MIXED,BLACK,KATIE,15132
BICHON FRISE,WHITE,JACQUES,15237
MALTESE MIX,WHITE/BLACK/BROWN,LUCILLE,15235
ITALIAN GREYHOUND,WHITE/BLUE,PICKLES,15205
ITALIAN GREYHOUND,BLACK,RIKA,15205
ITALIAN GREYHOUND,BLUE,PEPPER,15205
LABRADOR RETRIEVER,RED,JAKE,15090
PUG,FAWN,EMMA,15106
PUG,FAWN,WINNIE,15106
LAB MIX,BLACK,ZEUS,15116
BICHON FRISE,WHITE,COCONUT,15237
ALAS MALAMUTE,WHITE/BLACK/GREY,ARCHER,15216
GER SHEPHERD MIX,TAN,SANDY,15216
GREAT DANE,BLUE,TANKER,15216
BEAGLE MIX,WHITE/BLACK/BROWN,DONNA DI CODA,15108
TAG,BLACK/BROWN,COOPER,15229
SHIH TZU,BLACK/BROWN,MAX,15202
BASSET HOUND,BLACK/BROWN,STEVIE,15116
LAB MIX,BROWN,ROXIE,15017
JAPANESE CHIN,WHITE/BLACK,GOJIRA,15202
BEAGLE,WHITE/BLACK/BROWN,MASON,15137
BISHON FRISE MIX,WHITE/BROWN,HENRY,16046
TAG,WHITE/BROWN,PAISLEY,15132
DOBERMAN PINSCHER,BLACK/TAN,RIPLEY,15237
PUGGLE,FAWN,YOGI,15217
SCHNAUZER STANDARD,GREY,JASZMINE,15217
BOXER,FAWN,PHAEDRA DANE,15217
BEAGLE MIX,TRI-COLOR,HOUDINI,15217
GOLDEN RETRIEVER,BLONDE,COLBY,15116
MIN PINSCHER,BROWN,TEBOW,15237
BEAGLE MIX,WHITE/BLACK/BROWN,DIXIE,15108
ENG SPRINGER SPANIE,WHITE/BLACK,MASON,15102
BEAGLE MIX,WHITE/BROWN,MO,15228
MIXED,WHITE/BROWN,MANCHESTER,15221
CHIHUAHUA,WHITE/TAN,BLIZZY,15136
CHIHUAHUA,WHITE/BLACK,BANDIT,15136
GER SHEPHERD MIX,BLACK/BROWN/TAN,COLBIE,15237
PEEKAPOO,WHITE/TAN,CHAUNCEY,15102
AM PIT BULL TERRIER,MULTI,HERO,15028
CHINESE SHAR-PEI,FAWN,SOPHIE,15209
GER SHEPHERD,BLACK/TAN,LUCY,15238
BOSTON TERRIER,BLACK,BOSS,15025
LAB MIX,BLACK,ROCKY,15220
LABRADOR RETRIEVER,BLACK,ASHER,15101
LAB MIX,BLACK,JAGGER,15101
GER SHEPHERD,SABLE,GUNNER,15106
MALTI-POO,BLACK,COWBOY,15143
SCHNOODLE,BLACK,KERMIT,15143
LAB MIX,WHITE/TAN,ELLIE,15227
AM PIT BULL TERRIER,WHITE/BLACK,OTIS,15146
LABRADOR RETRIEVER,YELLOW,JAX FARONE,15090
MIXED,WHITE/BROWN,OSCAR,15146
AM PITT BULL MIX,BROWN,LUCY,15146
MASTIFF,BLACK,HOPE,15146
BORD COLLIE,WHITE/BLACK,LEXIE,15237
LABRADOR RETRIEVER,YELLOW,REXIE,15044
LABRADOR RETRIEVER,WHITE,JESSIE,15005
POODLE MIX,BLACK,FIJI,15215
BEAGLE MIX,TAN,DIAMOND,15044
MASTIFF,FAWN,KAYA,15044
DOBERMAN PINSCHER,RED/BROWN,PENNY,15132
LAB MIX,BLACK,BAILEY ,15237
LAB MIX,BLACK,HUNTER,15241
AM PIT BULL TERRIER,WHITE,SAGE,15237
DACHSHUND,BLACK/BROWN,MYLO,15065
POODLE MIX,BLACK,BUDDY,15037
LAB MIX,BROWN,BUDDY,15137
GREYHOUND,RED/BROWN,RIO JOE,15106
BEAGLE MIX,WHITE/BLACK,LOKAH,15205
MIXED,TAN,ABBY,15131
DACHSHUND,OTHER,YOUKO,15229
DACHSHUND,RED,SIDNEY,15101
MIXED,WHITE/BLACK,GINA,15101
BEAGLE,WHITE/BLACK/BROWN,PEANUT,15108
ENG BULLDOG,RED,STELLA,15136
MIXED,BLACK,BAILA,15015
PAPILLON,WHITE/BROWN,SOPHIE,15044
BEAGLE MIX,SPOTTED,DOZER,15106
PAPILLON,MULTI,LEVI KOTZ,15102
MALTI-POO,WHITE/BLACK,COCO,15108
LAB MIX,BROWN/TAN,ROCCO,15237
POODLE TOY,APRICOT,CHEWY,15102
LAB MIX,BROWN,VENUS,15044
CHOW CHOW MIX,WHITE/BLACK/BROWN,BUUFF,15108
LABRADOR RETRIEVER,YELLOW,CARSON,15044
OLD ENG SHEEPDOG,BLACK/GREY,CHUMMY,15229
DACHSHUND,RED,PRETZEL,15108
MALTESE MIX,WHITE,NINA,15108
LABRADOR RETRIEVER,BROWN,DUKE,15235
YORKSHIRE TERRIER,WHITE/BLACK/BROWN,MOOSE,15235
DACHSHUND MIX,WHITE/TAN,TULIP,15143
COCKAPOO,BLACK,RALPHIE,15108
TAG,TAN,CHILI,15122
TAG,BLACK/BROWN,PEPPER,15122
MIXED,BROWN,ISABEL,15044
CHIHUAHUA MIX,WHITE/BROWN,JETER,15237
LABRADOR RETRIEVER,BROWN,CONNOR,15146
LABRADOODLE,BLONDE,LADY,15106
BOXER MIX,WHITE/BROWN,GUNNER,15136
TAG,BROWN,BAILEY,15235
LAB MIX,BLACK,CHASE,15044
LABRADOR RETRIEVER,YELLOW,MOLLIE,15237
GOLDEN RETRIEVER,GOLD,ZIGMUND VERBANETS,15101
MIXED,SPOTTED,BELLA BOO,15102
COCKER SPANIEL MIX,BLACK,:UCKY,15228
GOLDEN RETRIEVER,YELLOW,HANK,15216
CHIHUAHUA,TAN,EMMA,15147
DOBERMAN MIX,BLACK/BROWN,SANDRA,15228
MALTESE,WHITE,MILLY,15044
LLEWELLIN SETTER,WHITE/ORANGE,BEAUIE,15139
CAV KING CHAR SPANI,WHITE/BLACK,JOSEPHINE,15126
BOSTON TERRIER,WHITE/BLACK,BELLA,15237
JACK RUSSEL TERRIER,WHITE,PEANUT,15202
IRISH TERRIER,BROWN,MADI,15237
GOLDEN RETRIEVER,GOLD,RENZIE,15025
W HGHLND WH TERRIER,WHITE,MOLLY B,15143
LAB MIX,BRINDLE,CIDER,15143
W HGHLND WH TERRIER,WHITE,SPENCER,15143
W HGHLND WH TERRIER,WHITE,ROSEBUD,15143
SCHNOODLE,BEIGE,SKIP,15108
SHIH TZU,WHITE/BLACK,MILEY,15146
GER SHEPHERD,BROWN,WHISKEY,15218
WEIMARANER,SPOTTED,ZOE,15226
MIXED,BLACK,BURT,15226
GER SHEPHERD MIX,BLACK/BROWN,CHANCE,15139
BEAGLE MIX,WHITE/BLACK/BROWN,GUENTER,15234
LABRADOR RETRIEVER,CHOCOLATE,BAILEY,15102
LAB MIX,BROWN,PIPER,15146
DACHSHUND MIX,SPOTTED,OLIE,15237
GOLDENDOODLE,GOLD,TUCKER,15044
AUS CATTLE DOG,SPOTTED,BOOSTER,15216
BICHON FRISE,WHITE,LICORICE SNOWBALL,15238
TAG,BLACK,CAPPY VAN WINKLE,15228
AM PIT BULL TERRIER,WHITE/TAN,LUCY,15237
LABRADOR RETRIEVER,YELLOW,WRIGLEY,15090
BEAGLE MIX,WHITE/BROWN,OSCAR SZMYD,15237
YORKSHIRE TERR MIX,GREY,OLIVE,16046
SHIH TZU,WHITE/BLACK/BROWN,BOMI,15143
GREAT DANE MIX,TAN,DASHER,15116
TAG,SPOTTED,LYLA,15237
LAB MIX,WHITE/TAN,EMMALYNN,15221
GREAT DANE,TAN,AMOS,15238
BISHON FRISE MIX,WHITE/BROWN,MAGGIE MAY,15146
MASTIFF,BROWN,OTIS,15035
DOBERMAN PINSCHER,BLACK/TAN,BARBIE,15237
BEAGLE MIX,TRI-COLOR,ZOE,15090
LAB MIX,BROWN,DUSTY,15071
MIXED,WHITE/BROWN,TEGO,15209
YORKSHIRE TERRIER,BLACK/TAN,PELLA,15209
FRENCH BULLDOG,BROWN,NELLIE,15090
TAG,SILVER,BUDDY,15126
YORKSHIRE TERRIER,BLACK/BROWN,BUDDY,15120
YORKSHIRE TERR MIX,BLACK/TAN,PENNY,15120
TAG,TAN,SANDI,15108
ROTTWEILER MIX,BLACK,CHIP,15102
YORKSHIRE TERRIER,BROWN,QUEEN NANDI,15243
TAG,WHITE/BLACK,CHARLOTTE,15218
DACHSHUND,RED,TANK,15106
SHIH TZU MIX,WHITE/YELLOW,DASH,15227
SHETLAND SHEEPDOG,TRI-COLOR,MAGGIE,15071
CAV KING CHAR SPANI,SPOTTED,BRODY,15136
HAVANESE,BLACK,RICO,15202
BEAGLE MIX,BROWN,BRUISER,15071
COCKAPOO,BROWN,MILO,15216
GER SHEPHERD,BLACK/BROWN,MYA,15102
GER SHEPHERD,BLACK/BROWN,MYA,15122
BERNESE MTN DOG,BLACK/TAN/WHITE,DAISY,15044
SHETLAND SHEEPDOG,WHITE/TAN,BAEN,15025
TAG,TAN,ADDISON,15025
COCKAPOO,BLACK,BLACK JACK,15101
MIXED,WHITE/TAN,BAILEY,15236
BOSTON TERRIER,WHITE/BLACK,J.D. DOZER,15110
CHIHUAHUA,BROWN,JEMMA,15110
BOSTON TERRIER,BRINDLE,JESSA,15110
BOXER,WHITE/BROWN,TESTUDO,15136
TAG,BLACK,MAC,15090
SCHNAUZER STANDARD,BLACK/BROWN,SAMMY,15090
TAG,BLACK/TAN,CHARLIE,15238
SHETLAND SHEEPDOG,BLACK/TAN/WHITE,DEXTER,15205
SHETLAND SHEEPDOG,WHITE/BLACK,CROSBY,15205
GOLDEN RETRIEVER,GOLD,PUMPKIN,15237
LABRADOODLE,GOLD,ROXY,15241
TERRIER MIX,WHITE/BLACK,DIXIE,15136
LABRADOODLE,BLONDE,JACK,15136
LABRADOODLE,BLACK,GUS,15136
BICHON FRISE,WHITE,DAISY,15106
BRITTANY SPANIEL,WHITE/BROWN,REMI,15209
VIZSLA,RUST,COPPER,15241
W HGHLND WH TERRIER,WHITE,ALLIE,15205
LABRADOODLE,BLONDE,CROSBY,15108
AUS CATTLE DOG,WHITE/RED,SNICKERS,15084
AUS CATTLE DOG,WHITE/BLACK/GREY,MAVI,15084
LABRADOR RETRIEVER,BLONDE,OSCAR,15102
AM PIT BULL TERRIER,BLUE,KINGSLEY,15120
AM PIT BULL TERRIER,WHITE/RED,DUKE,15120
LABRADOR RETRIEVER,YELLOW,BUDDY,15006
MIXED,WHITE/BLACK/BROWN,S MORES,15146
GOLDENDOODLE,GOLD,FOZZIE,15216
BULLMASTIFF,BROWN,TANK,15146
AUS SHEPHERD,BLACK/TAN,JARVAN,15241
LABRADOR RETRIEVER,YELLOW,SONNY,15108
BOXER,WHITE/FAWN,SADIE,15239
LAB MIX,BRINDLE,RALEIGH,15122
YORKSHIRE TERR MIX,BLACK/BROWN,SULLY,15102
TERRIER,BROWN,BELLA,15102
TERRIER,BROWN,ROCKY,15102
PUGGLE,FAWN,PEANUT,15136
PUG,BROWN,ACE/PUGGIE,15136
MIXED,SPOTTED,SOCO,15147
TAG,GREY,DUKE,15147
LAB MIX,WHITE/BLACK/BROWN,PAISLEY,15044
GER SHEPHERD,BLACK/TAN,RAMADI,15102
GOLDENDOODLE,TAN,GARY,15241
BOXER,BROWN,STRIKER,15136
BOXER,FAWN,HALLE,15136
MIXED,BROWN,WILBUR,15202
LAB MIX,BLACK,DEWEY,15202
LAB MIX,WHITE/BLACK,PEPPI,15234
BEAGLE,WHITE/BLACK/BROWN,TALLY,15227
LABRADOR RETRIEVER,BLACK,DUKE,15108
BASSET HOUND MIX,WHITE/BLACK/BROWN,WILMA,15202
BORD COLLIE MIX,BROWN,PEPPER,15215
BASSET HOUND,WHITE/BLACK/BROWN,ELLIE,15202
MIXED,BRINDLE,NYLA,15143
KEESHOND,BLACK/SILVER,SAMSON,15025
MIXED,CREAM,BRODY,15025
LAB MIX,BLACK,SHELBY,15136
GER SHEPHERD MIX,BROWN,LUCY,15136
AM STAFF TERRIER,WHITE/BRINDLE,OPHELIA,15120
LAB MIX,BRINDLE,JACK,15136
MALTESE MIX,WHITE,LUCY,15237
ROTTWEILER MIX,WHITE/BLACK/BROWN,LUCY,15243
DACHSHUND,RED,KANE,15101
MIXED,BROWN,PINO,15139
TAG,WHITE/BLACK,BUSTER,15139
AM PIT BULL TERRIER,WHITE/TAN,ELIJAH,15120
MIXED,BLACK/BROWN,WAGNER,15102
GOLDEN RETRIEVER,CREAM,ZOEY,15239
SIB HUSKY MIX,WHITE/TAN,HOOPER,15090
LAB MIX,WHITE,MOLLY,15090
JAPANESE CHIN,WHITE/BLACK,MOCHI,15202
MANCHESTER TERRIER,BLACK/TAN,GUCCI,15090
LABRADOR RETRIEVER,BUFF,CHARLIE CARAVAGGIO,15143
LABRADOR RETRIEVER,BUFF,CHASE CARAVAGGIO,15143
LABRADOR RETRIEVER,YELLOW,LEVI CLARK SHEPMAN,15235
GER SHEPHERD MIX,BLACK/TAN,BOGAY,15216
LABRADOR RETRIEVER,SILVER,DAKOTA,15108
BERNESE MTN DOG,WHITE/BLACK/BROWN,BERNIE,15209
GER SHEPHERD,BLACK/BROWN,SHELBY,15129
PUG,BRINDLE,MAVIS,15057
LAB MIX,BLACK,GUINNESS,15239
FRENCH BULLDOG,WHITE/BLACK,BING,15221
BLOODHOUND,LIVER,HARLEY,15065
ROTTWEILER,BLACK/TAN,CHIEF,15122
MIXED,YELLOW,TIKA,15202
GOLDEN RETRIEV MIX,BROWN/BLONDE,MILEY,15146
BORD COLLIE MIX,BLACK WITH WHITE,RORY,15221
BORD COLLIE MIX,BLACK WITH WHITE,LUKE,15221
CHIHUAHUA,SPOTTED,PUP PUP,15143
YORKSHIRE TERR MIX,BLACK/TAN,LUCY,15108
W HGHLND WH TERRIER,WHITE,ABBY,15108
CAV KING CHAR SPANI,WHITE/BROWN,LUIGI DRAGOTTA,15108
POODLE MIX,APRICOT,ROXIE,15063
BICHON FRISE,WHITE,EMMY TOO,15237
SHIH TZU,WHITE/BLACK,ZEUS,15136
COCKER SPANIEL,SPOTTED,MAVERICK,15136
AIREDALE TERRIER,BLACK/BROWN,MOLLY,15228
GOLDEN RETRIEVER,GOLD,BEN,15044
CHINESE SHAR-PEI,BLACK,MAXIMILIAN TONG PIEL,15227
GER SHEPHERD,BLACK/BROWN,ZIGGY,15237
BEAGLE MIX,WHITE/BLACK/BROWN,LUCKY LIZ,15234
SCHNAUZER GIANT,BLACK,YURI,15238
POMERANIAN,BROWN,FOXY,15132
SFT COAT WHEAT TERR,BLONDE,BOSCO,15044
YORKSHIRE TERRIER,BLACK/BROWN,TANK,15209
YORKSHIRE TERRIER,BLACK/BROWN,TURBO,15209
LHASA APSO,WHITE,ZOEY,15209
MIXED,BLACK WITH WHITE,JAX,15132
POMERANIAN,BROWN,MACI,15137
BRUSSELS GRIFFON,BROWN,BOSLEY,15137
TAG,WHITE/BLACK/BROWN,SCRUFFY,15236
PARSON RUSSELL TERR,WHITE/BLACK/BROWN,VADER,15136
MIXED,BROWN,MICKEY,15227
BLACKMOUTH CUR,BROWN,CHARLIE,15227
BOXER,BROWN,SOPHIE,15227
LAB MIX,BLACK,FRANKIE,15243
LAB MIX,BLACK WITH WHITE,ROSIE,15243
DACHSHUND,BROWN,DAISY,15057
TAG,BLACK/BROWN,ROXIE,15025
GREAT DANE MIX,BLACK,WILLIE,15025
DACHSHUND,WHITE/BROWN,DUKE,15065
DACHSHUND,BROWN,LUCY,15065
DACHSHUND,BRINDLE,BAILEY,15065
TAG,BLONDE,MCGRUFF,15241
POODLE MIX,BLONDE,PENNY,15241
LABRADOR RETRIEVER,BLACK,SAM,15044
BEAGLE,SPOTTED,BAILEY,15136
PUG,FAWN,LOLA,15084
GOLDEN RETRIEVER,CREAM,TAZER,15205
GOLDEN RETRIEVER,GOLD,CALLY,15215
MIXED,FAWN,THENA,15076
CHIHUAHUA MIX,WHITE/BLACK/BROWN,JACKSON,15129
BLUE HEELER,SPOTTED,DARLA ROSE,15227
LAB MIX,BLACK WITH WHITE,GIO,15120
LABRADOR RETRIEVER,BLACK,GUS,15237
GOLDEN RETRIEVER,GOLD,LONDON,15215
DOBERMAN PINSCHER,BLACK,ZEUS,15136
BEAGLE,SPOTTED,TUCKER,15237
MIXED,BLACK/TAN,LEXI,15237
MORKIE,WHITE/BLACK/BROWN,ODDIE,15090
TERRIER MIX,BLACK,BELLA,15205
SHEPHERD MIX,BLACK/BROWN,BAILEY,15205
TAG,BLONDE,ROKI,15214
AUS SHEPHERD,WHITE/BLACK/BROWN,KODA,15102
BEAGLE MIX,BLACK/BROWN,PATCHES,15205
GER SHEPHERD,BLACK/TAN,HEIDI,15146
COCKER SPANIEL,RED,RED,15102
COCKER SPANIEL,CHOCOLATE,LOLLI,15234
TAG,BLACK/BROWN,JASIME,15136
BLUE HEELER,SPOTTED,TAC,15227
SIB HUSKY MIX,BLONDE,HERA,15237
TAG,BLACK/TAN,JASPAR,15237
WELSH SPRINGER SPAN,ORANGE/WHITE,RILEY,15120
ENG SPRINGER SPANIE,WHITE/LIVER,GUNTHER,15120
ENG SPRINGER SPANIE,WHITE/BLACK,LILLIE,15120
BISHON FRISE MIX,WHITE/BLACK,RILEE,15120
ENG COCKER SPANIEL,BLACK,MISTY NOEL,15120
SHIBA INU,BLACK/TAN,BRUISER LONDINO,15216
BEAGLE,WHITE/BLACK/BROWN,BENNY,15106
MIXED,SPOTTED,SHYANN,15106
MIXED,SPOTTED,LUKE,15139
FRENCH BULLDOG,SPOTTED,BELLA HONEY,15146
GER SHEPHERD MIX,BLACK,ABBY,15228
BASSET HOUND,WHITE/BLACK/BROWN,LOLA,15108
BERNESE MTN DOG,WHITE/BLACK/BROWN,CODY,15235
TAG,BLONDE,SYDNEY,15142
MALTESE,WHITE,CASEY,15142
CAV KING CHAR SPANI,WHITE/APRICOT,BUDDY,15236
AUS SHEPHERD,BLACK/TAN,LOLA,15232
CHIHUAHUA MIX,BROWN,BETTY ANN SAVAGE,15106
MIXED,WHITE/BROWN,NEWT,15239
LABRADOR RETRIEVER,BLACK,HUNTER,15017
AM PIT BULL TERRIER,WHITE/GREY,DAKOTIA,15131
LABRADOR RETRIEVER,BLACK,PEANUT,15131
LABRADOR RETRIEVER,YELLOW,JAXON,15131
ROTTWEILER,BLACK/TAN,RILEY,15239
GER SHEPHERD MIX,TAN,BLAZE,15102
RAT TERRIER,WHITE/BLACK/BROWN,TODD,15136
W HGHLND WH TERRIER,WHITE,ROONEY,15136
COCKER SPANIEL,WHITE/BLACK,BELLE,15243
SCHNAUZER MIN,BROWN,DAISY,15237
COCKER SPANIEL,WHITE/BLACK,CARMELLA,15108
GOLDEN RETRIEVER,GOLD,GUS,15044
MIXED,BLACK,DAISY,15017
POODLE TOY,WHITE/BLACK,REMINGTON,15143
GER SHEPHERD,BLACK/TAN,BAILEY,15126
SHIBA INU,RED,YUKI,15146
MIXED,TAN,SEBASTIAN,15139
GER SHEPHERD MIX,BLACK/TAN,KARMA,15076
POODLE MIX,WHITE/BLACK,SASSY,15243
MIXED,BLACK/TAN,MAX,15057
PUG,FAWN,BELLA MIA,15146
PUG,BLACK,MAX,15146
MIXED,BLACK/BROWN,MOLLY,15108
GOLDEN RETRIEVER,GOLD,ZOE,15215
GOLDEN RETRIEVER,GOLD,MOOSE,15236
DOBERMAN PINSCHER,BLACK/BROWN,JAGER,15236
ROTTWEILER,BLACK/BROWN,XENA,15239
FRENCH BULLDOG,FAWN,HAMILTON,15143
SHETLAND SHEEPDOG,WHITE/BLACK/BROWN,HARLEY,15241
GOLDEN RETRIEVER,GOLD,LEO,15044
GER SHEPHERD,BLACK/BROWN,MEKA,15106
LABRADOR RETRIEVER,WHITE/TAN,OTIS,97206
ROTTWEILER,BLACK/TAN,ONYX,15017
BOXER,BRINDLE,JADA VIOLET,15129
BOXER,BLACK,SWEET PEAA,15129
COCKAPOO,WHITE/BROWN,TEDDY,15228
SHIH TZU MIX,GOLD,stella,15129
LABRADOR RETRIEVER,GREY,MACEY,15146
PUG,FAWN,BUBBA,15084
BEAGLE,BLACK/BROWN/TAN,REMINGTON,15106
LAB MIX,BLACK,KOBE,15235
BULLMASTIFF,BLACK/TAN,JACKSON,15228
ENGLISH MASTIFF,BRINDLE,ZEUS,15106
AM PIT BULL TERRIER,GREY,DOG,15235
CHIHUAHUA,WHITE/BLACK/BROWN,CEASAR,15136
BULL TERRIER,WHITE/BROWN,DIESEL,15221
GER SHEPHERD MIX,TAN,COPPER,15227
SHIH TZU MIX,BLACK,CHARLIE,15129
SHETLAND SHEEPDOG,BLACK,ZOEY,15129
TERRIER MIX,WHEATON,MADDIE,15015
DACHSHUND,BLACK,DAISY,15106
PUG,FAWN,ROXIE,15144
PUG,FAWN,RYLIE,15144
ST BERNARD,WHITE/BLACK/BROWN,SAMSON,15031
POODLE MIX,WHITE/BLACK/BROWN,BELLA,15241
LAB MIX,BRINDLE,CHESTER,15236
COLLIE,SABLE,BISCUIT,15237
BEAGLE MIX,SPOTTED,MUDSLIDE,15243
GOLDEN RETRIEVER,GOLD,CALLEN,15237
LAB MIX,BROWN,PENN,15216
MIXED,WHITE/TAN,NICO,15237
LAB MIX,BROWN,ROONEY,15216
GOLDEN RETRIEV MIX,GOLD,SHADOW,15143
LABRADOR RETRIEVER,BLACK,SASHA,15108
PUGGLE,TAN,MACI,15102
MORKIE,TAN,ZEKE,15108
TERRIER MIX,WHITE/BLACK/BROWN,JACKAMO,15218
BEAGLE,BLACK/BROWN,MAX,15237
MIXED,WHITE/BLACK,LUCKY,15234
MIXED,BRINDLE,SAM,15025
ENG BULLDOG,BRINDLE,CHLOE,15220
DACHSHUND MIX,WHITE/BLACK/BROWN,RASCAL,15239
DACHSHUND MIX,BLACK/BROWN,DAPPER,15239
LABRADOR RETRIEVER,BROWN,HARLEY LEDONNE,15068
BORD COLLIE MIX,WHITE/BLACK,UNO,15236
POMERANIAN,SABLE,SASHA,15137
POMERANIAN,ORANGE,CRICKET,15137
LABRADOR RETRIEVER,BLACK,SHADOW,15237
HAVANESE,WHITE/BLACK,KIRBY,15106
LABRADOR RETRIEVER,GOLD,BRIE ,15221
JACK RUSSEL TERRIER,WHITE,DICKY J.A.S,15143
POODLE TOY,APRICOT,PRINCESS GABRIELLE,15136
MIXED,WHITE/TAN,BUSTER,15131
LAB MIX,BROWN,KOBE,15221
BISHON FRISE MIX,BROWN,COOPER,15122
VIZSLA,OTHER,PIPER,15143
GER SHEPHERD,BLACK/BROWN,BAILEY,15227
BERNESE MTN DOG,WHITE/BLACK/BROWN,TROY ,15146
LABRADOR RETRIEVER,RED,BAILEY,15101
GER SHEPHERD MIX,BLACK/BROWN,KODA,15206
LABRADOR RETRIEVER,YELLOW,WILLIE,15143
GOLDENDOODLE,BROWN,LEVI,15090
MIXED,BLACK/BROWN,SADIE,15216
GOLDEN RETRIEVER,TAN,STITCH,15237
POMERANIAN,RED,PEANUT,15084
AM PIT BULL TERRIER,MULTI,HARRY,15049
TERRIER MIX,BLACK,BENJAMIN,15237
CHIHUAHUA MIX,GREY,SCOOTER,15237
DACHSHUND,RED,RUSTY,15236
POMERANIAN,BLACK/CREAM,NADI,15236
BEAGLE,RED,FULTON,15116
SHETLAND SHEEPDOG,TRI-COLOR,TAKODA,15229
SHETLAND SHEEPDOG,BLACK WITH WHITE,KEIRA,15229
AM PIT BULL TERRIER,BLACK/BROWN,LOLA,15216
BOSTON TERRIER,WHITE/BLACK,ROSIE,15044
BOSTON TERRIER,WHITE/BLACK,BELLA,15241
LAB MIX,BROWN,DEXTER,15101
AUS SHEPHERD,WHITE/BLACK/BROWN,KAI,15090
PUG,BLACK,JACK DANIELS,15220
BEAGLE MIX,WHITE/BLACK/BROWN,RUBY SOHO,15220
ENG BULLDOG,TAN,LILY,15239
RHODESIAN RIDGEBACK,BROWN,FRANCESCA,15221
LABRADOR RETRIEVER,YELLOW,ALBUS,15102
LABRADOR RETRIEVER,WHITE/BROWN,ELI,15205
DACHSHUND,BLACK,SEABISCUIT,15241
LABRADOR RETRIEVER,BLACK,MOSES,15143
LABRADOR RETRIEVER,BLACK,STRINGER BELL,15044
TERRIER MIX,TAN,HANNAH,15101
LABRADOR RETRIEVER,BLACK,ZEUS,15090
LABRADOR RETRIEVER,BROWN,STAR,15090
COCKAPOO,TAN,ALFIE,15101
MIN PINSCHER,BLACK/TAN,TITAN,15101
LAB MIX,BLACK,DUKE,15101
GOLDEN RETRIEVER,BROWN/GOLD,COPPER,15239
LAB MIX,BROWN/TAN,ZOMBIE,15146
CHIHUAHUA,BLACK/BROWN,MAXIMUS,15235
BORD COLLIE MIX,WHITE/BLACK,LEXI,15104
DOBERMAN MIX,BLACK/BROWN,SAM,15104
POODLE MIX,BROWN/TAN,SCOTCHBY,15026
BOXER MIX,BLACK,LUCY,15122
LABRADOR RETRIEVER,BROWN,TUCKER,15236
LABRADOR RETRIEVER,BROWN,MOLLY,15236
BORD COLLIE,WHITE/BLACK,SHILOH,15086
GER SHEPHERD MIX,BLACK WITH WHITE,OBERON,15061
ROTTWEILER,BLACK/BROWN,GWENHYVAR,15061
GREAT DANE MIX,BLACK WITH WHITE,AANG,15061
BORD COLLIE,WHITE/BLACK,CHESTER,15086
LABRADOR RETRIEVER,BLONDE,DEUCE,15102
BOXER,WHITE/BRINDLE,GENO,15106
BULLDOG,FAWN,BETTY WHITE,15367
BOSTON TERRIER,WHITE/BLACK,POLU,15017
FRENCH BULLDOG,BLUE,HAMBONE,15237
TERRIER MIX,RED,TONY,15237
SCHNAUZER MIN,SALT/PEPPER,MICKEY,15209
POODLE TOY,WHITE,NILES PARKER BRODERI,15102
PUG,FAWN,WRIGLEY,15116
TAG,GREY,ARTEMIS,15367
YORKSHIRE TERRIER,BLACK/BROWN,KEIKI,15143
MIXED,WHITE/RED,FRED,15243
LABRADOR RETRIEVER,BROWN,ROONEY,15202
ENG COONHOUND,WHITE/RED,KAYLEIGH,15045
GOLDENDOODLE,GOLD,JERZEE,15044
LAB MIX,BLACK,RILEY,15243
CHIHUAHUA,WHITE/BROWN,IZZY,15215
CHINESE SHAR-PEI,BLACK,FLEURY,15101
SIB HUSKY,WHITE,LEXI BOO,15025
SCHNAUZER STANDARD,BLACK,PANZER,15136
COLLIE,SABLE/WHITE,LADDIE,15237
DACHSHUND,BLACK/TAN,THOR,15126
BEAGLE,TRI-COLOR,LUIGI DAGUE,15057
LAB MIX,BLACK,CODA,15220
GOLDENDOODLE,WHITE,ROXY BAER,15090
DACHSHUND,BRINDLE,CHLOE,15084
BEAGLE,WHITE/BLACK/BROWN,BADGER,15136
SCHNOODLE,BROWN,PUCK R GOODFELLOW,15221
BISHON FRISE MIX,WHITE/BLACK,BISCUIT,15017
BEAGLE,MULTI,SNICKERS,15139
GOLDENDOODLE,APRICOT,LACI,15102
BOSTON TERRIER,WHITE/BLACK,DOZER,15143
LAB MIX,BLACK,SADIE,15143
CHIHUAHUA MIX,WHITE/BLACK/BROWN,HUGO,15238
LAB MIX,BLACK,GUS,15090
POODLE MED,BLACK,TAKIE,15101
LAB MIX,WHITE,JACK,15102
TREE WALK COONHOUND,WHITE/BROWN,TARO,15237
PAPILLON,BLACK,LILY SAKS,15017
TAG,BLACK,SUMIE,15108
ENG SPRINGER SPANIE,SPOTTED,BAILEY,15236
GOLDENDOODLE,SPOTTED,MOOSE,15237
BULLMASTIFF,BROWN,REGIS,15136
POODLE MIX,WHITE/BLACK,OLIVER,15229
BOSTON TERRIER,WHITE/BLACK,TUG,15065
GOLDEN RETRIEVER,BROWN,MURPHY,15237
SHIH TZU MIX,WHITE/TAN,YOGI,15144
SHIH TZU MIX,WHITE/BLACK/BROWN,TEDDY,15144
SHIH TZU MIX,BROWN,IZZY,15144
COCKAPOO,FAWN,RORY,15106
COCKER SPANIEL,BUFF,SIDNEY GAMBLE,15205
BEAGLE,BLACK/BROWN,BUBBA,15237
GOLDENDOODLE,TAN,CABO,15205
GER SHEPHERD MIX,BLACK/BROWN,MISSY,15106
AM PIT BULL TERRIER,BLACK,ROCKO,15106
MIXED,BLACK/BROWN,HOLLY,15216
LAB MIX,WHITE,JAKE,15102
COCKAPOO,BROWN/FAWN,CHARLEY,15044
LABRADOR RETRIEVER,BLACK,TROY,15139
COCKAPOO,SPOTTED,RONNEY,15044
LABRADOR RETRIEVER,YELLOW,ROONEY CRINKLE ,15332
COCKER SPANIEL MIX,WHITE/BLACK,SYDNEY,15090
W HGHLND WH TERRIER,WHITE,MACY,15236
WEIMARANER,GREY,TRIPP,15205
GER SHEPHERD,BLACK,CASEY VOM WOLFE,15235
LAB MIX,BLACK,BETTIS,15101
LABRADOR RETRIEVER,WHITE,MILLI,15243
BRITTANY SPANIEL,SPOTTED,JENNA,15046
CHINESE SHAR-PEI,FAWN,NORMAN,15243
LAB MIX,BLACK,CALI,15044
GOLDEN RETRIEVER,WHITE,IZZY,15209
COLLIE MIX,TRI-COLOR,MAX,15237
PUG,BLACK/FAWN,LINDSAY,15044
PUG,BLACK,EDDIE,15044
YORKSHIRE TERRIER,BLACK/TAN,COZY ROZY,15215
POODLE STANDARD,APRICOT,CHARLIE ,15215
SHIH TZU,WHITE/BLACK,MAVERICK,15108
AFFENPINSCHER,BLACK,COBE,15221
BOXER,WHITE/BROWN,ISABELLA,15126
BOXER,BROWN,DIESEL,15126
DOBERMAN PINSCHER,BROWN,RUBY,15229
BEAGLE MIX,WHITE/BLACK,BOBBY,15227
LABRADOR RETRIEVER,BROWN,ZOE,15057
BOSTON TERRIER,BLACK,SYDNEY,15108
BISHON FRISE MIX,SPOTTED,LILLY,15237
BOXER,BRINDLE,ZIBBY,15024
GOLDEN RETRIEV MIX,GOLD,SHILOH,15071
LAB MIX,FAWN,BUDDY MONSTER,15122
YORKSHIRE TERRIER,MULTI,TOBI WAN KENOBI,15122
BRITTANY SPANIEL,ORANGE/WHITE,STRIDER WOODLOT COBBEY,15090
DOBERMAN PINSCHER,BROWN/TAN,MOLLY,15101
GOLDEN RETRIEVER,GOLD,KODY,15101
BOXER,BROWN,RILEY,15237
LAB MIX,WHITE/BLACK,STELLA,15116
LAB MIX,BLACK/BROWN,PUMA,15017
LABRADOR RETRIEVER,YELLOW,DALTON,15216
COCKER SPANIEL,BUFF,LINUS,15142
GOLDEN RETRIEVER,GOLD,SADIE,15142
COCKER SPANIEL,WHITE/RED,DAISY,15142
BEAGLE MIX,BROWN,KIPPER,15133
LAB MIX,BROWN,DIESEL,15205
SCHNAUZER MIN,BLACK,MAE,15205
BEAGLE MIX,RED/BROWN,BRODY,15071
TAG,WHITE/BLACK,POKEY,15241
W HGHLND WH TERRIER,WHITE,MACGYVER,15235
WEIMARANER,GREY,CAESAR,15017
WIREHAIR PT GRIFFON,WHITE/LIVER,MAGGIE,15044
BOXER,FAWN,HUCK,15236
POODLE MIX,WHITE,GEORGIA,15221
PUG,BLACK,BELLA,15136
LABRADOODLE,BROWN,BUSTER,15037
YORKSHIRE TERRIER,BLACK/BROWN,ROSIE,15228
MIXED,WHITE,BAILEY,15237
COLLIE MIX,WHITE/BLACK/BROWN,MCFLY,15101
AM BULLDOG,WHITE,KANE,15214
LABRADOR RETRIEVER,BLACK,BELLA,15090
WEIMARANER,GREY,WEEBEE,15227
LABRADOR RETRIEVER,BROWN,CHLOE,15239
TAG,BROWN,LOLA,15044
LAB MIX,BLACK,LUCY,15044
ENG COONHOUND,BLACK/TAN/WHITE,SAM,15227
GER SHEPHERD,BLACK/BROWN,ZAYA,15146
GER SHEPHERD,BLACK/CREAM,SYDNEY,15146
GER SHEPHERD,BLACK/BROWN/GREY,DUKE,15146
OLD ENG SHEEPDOG,WHITE/GREY,SOPHIE,15144
TAG,BLACK/CREAM,LUIGI,15234
AM PIT BULL TERRIER,BLACK,DIESEL,15136
ENG BULLDOG,FAWN,YODA,15136
AUS CATTLE DOG,BLACK/MERLE,SYDNEY,15221
CHOW CHOW MIX,BLACK/BROWN,MYSTERIO,15236
PARSON RUSSELL TERR,WHITE/BROWN,SOPHIE,15090
LHASA APSO,WHITE/BROWN,LOLLY,15102
TERRIER MIX,WHITE/BLACK,SPECK,15237
W SHEPHERD /GER SHEPH,WHITE,CRACKER,16059
BEAGLE MIX,BROWN,LUCY,15143
BEAGLE MIX,WHITE/TAN,DUSTY,15101
PARSON RUSSELL TERR,WHITE/BROWN,WALTER,15237
MIXED,BROWN,KONA,15102
FRENCH BULLDOG,BRINDLE,ROCCO,15108
LAB MIX,RED,LUNA,15090
CHIHUAHUA,SPOTTED,JOKER,15116
MIXED,BUFF,RIKER,15218
WELSH CORGI CARDIGA,WHITE/BROWN,KONA,15147
SIB HUSKY,WHITE/BLACK,ONYX,15209
SIB HUSKY,WHITE/RED,JAX,15209
LAB MIX,BLONDE,SAMPSON,15139
BEAGLE MIX,BROWN,CHARLIE,15139
BERNESE MTN DOG,WHITE/BLACK/BROWN,BUDDY BELLISSIMO,15143
BORD COLLIE,BLACK,NIK,15108
SCHIPPERKE,BLACK,AXEL,15229
GREAT PYRENEES,WHITE,EMERIL,15137
DACHSHUND,RED,BERETTA,15137
LAB MIX,WHITE,BUDDY,15122
MIXED,FAWN,BELLA,15122
BOXER,BRINDLE,HOPE,15057
BOXER,WHITE,DAISY,15057
BICHON FRISE,WHITE,JOSIE,15017
BEAGLE MIX,WHITE/BLACK,CUBBY,15017
SHIH TZU MIX,WHITE/TAN,AIDEN,15017
TERRIER MIX,GREY,MAX,15044
MIXED,WHITE/BROWN,KELLY,15101
COCKAPOO,BLACK,EBONY,15101
COCKAPOO,APRICOT,SADIE,15146
PARSON RUSSELL TERR,BROWN,ROCKY,15221
HAVANESE,WHITE/BLACK/BROWN,SADIE,15237
MIXED,WHITE/TAN,CARLEY,15146
SHIH TZU,WHITE/BLACK/BROWN,T.J.,15017
SHIH TZU,BLACK/TAN,TANNER,15017
SHIH TZU,BLACK/SILVER,BABY,15017
MIXED,BLACK/BROWN,MOUNTAIN,15108
PAPILLON,WHITE/BLACK/BROWN,ANGEL,15239
PARSON RUSSELL TERR,WHITE,LILY,15102
ENG BULLDOG,WHITE/BROWN,QUINTON,15215
TAG,BROWN,ECHO,15143
TAG,CREAM,SANDI,15146
CHIHUAHUA,WHITE/BEIGE,MIMI,15212
CHIHUAHUA,BROWN,LUPE,15212
POODLE MIX,WHITE,OPAL,15212
BOSTON TERRIER,WHITE/BROWN,MABEL,15212
AUS TERRIER,BLACK/BROWN,MAX,15017
WELSH CORGI PEMBROK,WHITE/BROWN,GINGER,15143
MIXED,WHITE/BROWN,BLUE,15143
GER SHEPHERD,SABLE,KAYN,15071
TERRIER MIX,BRINDLE,TANK,15218
TERRIER MIX,WHITE/BROWN,SUGAR,15218
LABRADOODLE,MERLE,KODA,15101
POODLE MIN,BLACK,WINNIE,15068
BEAGLE,WHITE/BLACK/BROWN,WILBER,15090
BEAGLE,WHITE/BLACK/BROWN,BARRETTA,15090
BEAGLE,WHITE/BLACK/BROWN,CHASE,15090
BEAGLE,WHITE/BLACK/BROWN,JIMBO,15090
BEAGLE,WHITE/BLACK/BROWN,HUNTER,15090
AM FOXHOUND,WHITE/BLACK/BROWN,FIONA,15241
BORD COLLIE MIX,BLACK,LADY,15241
LAB MIX,BLACK,GENO,15120
CHOW CHOW MIX,CREAM,BUMBLES,15122
CANE CORSO,BRINDLE,LUCIA,15229
AM PITT BULL MIX,BRINDLE,CAPONE,15229
GER SHORTHAIR POINT,WHITE/BROWN,RUBY SUE,15108
BEAGLE,BLACK/BROWN,ROSIE,15101
BULLMASTIFF,BRINDLE,MYA CAROVA,15237
AIREDALE TERRIER,BLACK/BROWN/TAN,ZIGGY,15057
TAG,WHITE/BLACK,DESTINY,15145
MIXED,BLACK/BROWN,COLBY,15108
CAV KING CHAR SPANI,,GINGER,15090
BASSET HOUND,WHITE/BLACK/BROWN,RILEY,15135
LAB MIX,BLACK,DOMINO,15144
AUS SHEPHERD,WHITE/BLACK/BROWN,GENEVA,15133
LABRADOR RETRIEVER,BROWN,CHARLIE,15044
BOXER,FAWN,HOLLY,15044
PUG,FAWN,DAISY,15044
TAG,WHITE,MOLLIE,15025
GOLDEN RETRIEVER,BLONDE,SIDNEY,15025
PUG,BLACK/FAWN,PORTIA,15202
COCKER SPANIEL,SPOTTED,CORTNEY,15129
CHIHUAHUA,SPOTTED,SELENA,15120
MIXED,BLACK,MARLEY,15116
TERRIER MIX,WHITE/BLACK,ROXY,15024
MORKIE,WHITE/BLACK/GREY,SAMSON,15235
LAB MIX,BLACK,FRANKIE,15228
GER SHEPHERD MIX,WHITE/BLACK/BROWN,STOUT,15116
LABRADOR RETRIEVER,YELLOW,BRINKLEY,15241
GOLDEN RETRIEVER,GOLD,BRANDY,15044
COCKER SPANIEL,SPOTTED,CHLOE,15129
TAG,WHITE/BROWN,TAYLOR,15116
LAB MIX,TAN,ZOEY,15216
SHETLAND SHEEPDOG,SABLE,TJ,15205
AM PIT BULL TERRIER,GREY,FORTY,15025
POMERANIAN MIX,WHITE,BOOBEAR,15090
GOLDEN RETRIEVER,WHITE,SEBASTIAN,15239
MIXED,BLACK,MAZ,15202
ENG SPRINGER SPANIE,WHITE/LIVER,COOPER,15024
MIXED,WHITE/APRICOT,SNUFFY,15122
LABRADOR RETRIEVER,YELLOW,ENYA,15090
ROTTWEILER MIX,BROWN,BUBBA,15235
LABRADOR RETRIEVER,SILVER,LONDON,15236
GOLDEN RETRIEVER,BLONDE,MAX,15143
GER SHEPHERD,BLACK/BROWN,MAGGI,15136
W HGHLND WH TERRIER,WHITE,ARGO,15101
MIXED,WHITE/BLACK,BLUE,15216
CHIHUAHUA,BRINDLE,CHLOE,15068
GOLDEN RETRIEVER,GOLD,COOPER,15234
BOXER MIX,BLACK/BROWN,CUTCH,15215
HAVANESE,BLACK/TAN/WHITE,MYLES,15044
PEEKAPOO,WHITE/APRICOT,CUDDLES,15221
LABRADOR RETRIEVER,GOLD,ASLAN,15235
BORDER TERRIER,GREY,DUNCAN,15116
GER SHORTHAIR POINT,BROWN/LIVER,DOMINO,15108
LABRADOR RETRIEVER,BLACK,INDIANA,15241
ROTTWEILER,BLACK/BROWN,BRUTUS,15108
ROTTWEILER,BLACK/TAN,PENNY,15139
LABRADOR RETRIEVER,BLACK,WOODROW,15133
BEAGLE,WHITE/BLACK/BROWN,PETE,15090
DOBERMAN PINSCHER,BLACK,HADES,15218
GER SHORTHAIR POINT,WHITE/BROWN,TRAX,15145
ROTTWEILER,BLACK/TAN,BRUCE,15068
GOLDEN RETRIEVER,BLONDE,GANNON,15237
MIXED,BLACK/BROWN,SUZY,15024
SHIH TZU,BROWN,MANNY,15101
GOLDEN RETRIEVER,CREAM,NALA,15017
POODLE MIX,BLACK,MOOUISEE SUE,15227
MIXED,MULTI,BUBBA,15144
MIXED,BLACK,LEO SUPSURA,15238
MIXED,SPOTTED,HEIDI,15145
ROTTWEILER,BLACK/BROWN,BRUNO,15236
OLD ENG BULLDOG,WHITE/FAWN,SIDNEY CROSBY,15236
LABRADOR RETRIEVER,BROWN,MIA,15237
ENG BULLDOG,BRINDLE,GENO,15236
LABRADOR RETRIEVER,BLACK,RILEY,15237
DOBERMAN PINSCHER,BLACK,ASLAN,15237
BOXER,FAWN,GRACIE,15044
MIXED,WHITE/BLACK,AMELIA,15116
AM STAFF TERRIER,WHITE/BRINDLE,MAIA,15131
PLOTT HOUND,BRINDLE,CALI,15129
AM STAFF TERRIER,BROWN,TICKER TAPE THE CONTENDER,15131
LABRADOR RETRIEVER,BROWN,ROOKIE,15205
SIB HUSKY MIX,WHITE/BLACK/GREY,SPIKE,15136
LABRADOR RETRIEVER,BLACK,SHADOW,15136
AM PIT BULL TERRIER,BROWN,DEMON,15136
MIXED,RED,WINSTON ELLIOTT,15044
POMERANIAN MIX,BROWN,SADIE,15220
ENG SETTER,SPOTTED,BELLA,15037
AUS SHEPHERD,WHITE/BLACK/BROWN,GROMIT,15108
TAG,WHITE/BLACK/BROWN,BAILEY,15108
GER SHEPHERD,BLACK/BROWN,MAXX,15106
AUS SHEPHERD,MULTI,COLBY,15084
GREAT PYRENEES,WHITE,THOR,15084
YORKSHIRE TERRIER,BROWN,BOOGER,15065
CHIHUAHUA,WHITE,BABY BLUE,15065
LABRADOR RETRIEVER,BLACK,SPUNKY,15122
CHIHUAHUA,GREY,ALEX,15065
COCKAPOO,RED,COPPER,15234
AFFENPINSCHER,BLACK,EBONY,15228
LABRADOR RETRIEVER,BLACK,CASH,15108
LABRADOR RETRIEVER,BLACK,DINO,15108
TAG,WHITE/BROWN,PENELOPE,15139
MIXED,WHITE/BLACK,PETE,15139
GOLDEN RETRIEVER,BROWN,LEN,15209
GOLDEN RETRIEVER,WHITE,RAY,15209
SIB HUSKY,WHITE/BLACK,NIKA,15147
BEAGLE MIX,WHITE/BLACK,DUKE,15236
COCKER SPANIEL MIX,BLACK,MADDIE,15236
POODLE TOY,BLACK,ZORRO,15239
SCHNOODLE,WHITE/BLACK/BROWN,MADDIE,15065
MIXED,SPOTTED,KENDRA,15235
BOXER,BROWN,IZZY,15228
MALTI-POO,WHITE,LUCY ,15017
SIB HUSKY,WHITE,AVA,15220
MIXED,BROWN,BELLA,15209
MIXED,BLACK/TAN,ELLIE,15237
SHIH TZU,BLONDE,JOSH,15139
GOLDEN RETRIEVER,BROWN,LEVI,15236
LAB MIX,BLACK,GABBIE,15218
COCKAPOO,WHITE/BLACK,BOO,15202
BOXER,BRINDLE,OSCAR,15120
GER SHEPHERD MIX,BLACK,ELLIE,15234
LABRADOODLE,WHITE,CHARLIE,15057
LABRADOODLE,BROWN,LOELA,15241
POODLE MIN,BLACK,MOOSE,15234
COLLIE,WHITE/BLACK/BROWN,ALEX,15241
POODLE MIX,WHITE,ANGEL,15086
SHIH TZU,BLACK WITH WHITE,RYLEE,15106
GOLDEN RETRIEVER,BLONDE,SIMON,15228
GOLDENDOODLE,BUFF,BELLA SWANSON,15090
BOXER MIX,TAN,BANDIT,15101
GOLDEN RETRIEVER,CREAM,ECHO,15228
BULLDOG,WHITE,THUNDER,15228
YORKSHIRE TERRIER,BROWN,JILL,15044
TERRIER MIX,BROWN,STELLA,15102
LAB MIX,BLACK,LILLY,15044
YORKSHIRE TERRIER,BROWN,JACK,15044
GOLDEN RETRIEVER,WHITE,GEORGE,15235
LAB MIX,BLACK,MADDY,15126
WELSH CORGI PEMBROK,WHITE/RED,BUTTERS,15084
LAB MIX,WHITE,LEAH,15205
CHIHUAHUA,BLACK/BROWN,SCARLET,15108
LABRADOR RETRIEVER,TAN,KUBA,15236
JACK RUSSEL TERRIER,WHITE,MARLEY,15243
MORKIE,WHITE/BROWN,BAILEY,15026
LAB MIX,WHITE,WINSTON,15025
MIXED,SPOTTED,COOKIE,15108
POINTER,WHITE/BLACK,MITZI,15235
BEAGLE,WHITE/BLACK/BROWN,SHILOH,15227
YORKSHIRE TERR MIX,BLACK,ERNIE,15243
BOXER MIX,BRINDLE,SKYE,15057
MALTESE,WHITE,BELLA,15106
LAB MIX,WHITE/BLACK,SKYE,15243
MIXED,SPOTTED,MAXINE,15108
BOXER,WHITE,SPAGGY,15122
LABRADOR RETRIEVER,YELLOW,JASMINE,15239
MIXED,BROWN,PEANUT,15143
BOXER MIX,BRINDLE,SKYE,15057
COLLIE MIX,RED/BLONDE,SCOUT,15102
IRISH WOLFHOUND,BLACK/TAN,NYMERIA,15102
MALTESE,WHITE,DUSTER,15243
POODLE STANDARD,WHITE,SCOUT,15237
PARSON RUSSELL TERR,WHITE/BROWN,SAMMI,15236
GREAT DANE,BLUE,ARCHIBALD ,15234
BORD COLLIE,SPOTTED,COOPER,15025
WEIMARANER,GREY,GOLDIE,15227
MIXED,BROWN,TOBY,15237
BOXER,WHITE/BROWN,BRUNO,15108
GER SHEPHERD,BLACK/BROWN,MAJOR,15108
MALTESE MIX,BLACK,RASCAL MASTREN-WILLIAMS,15223
ENG SPRINGER SPANIE,WHITE/BLACK,BANDIT,15056
ENG SPRINGER SPANIE,BLACK/BROWN,DINKY,15056
GER SHEPHERD,BLACK/BROWN,HOGAN,15239
ENG TOY SPANIEL,SPOTTED,DALLAS,15228
MIXED,WHITE/TAN,DOG,15220
JACK RUSSEL TERRIER,WHITE,BELLA,15214
AM PIT BULL TERRIER,WHITE/BROWN,VULCAN,15132
YORKSHIRE TERRIER,BLACK/BROWN,JACKSON,15101
POODLE MED,BROWN,HERSHEY,15229
MORKIE,BLONDE,NO NAME GIVEN,15101
LAB MIX,BLACK,MINNIE,15239
LHASA APSO,BEIGE,BELLA MARIE,15025
BICHON FRISE,WHITE,MINNIE,15215
COCKER SPANIEL,WHITE/TAN,BRANDY,15220
CHOW CHOW,GOLD/RED,SING,15047
GOLDEN RETRIEVER,BROWN,HARRISON,15205
DACHSHUND MIX,WHITE/BLACK/BROWN,SOPHIA,15220
DACHSHUND MIX,BLACK/BROWN,OSCAR,15220
BEAGLE,WHITE/BLACK/BROWN,MONROE,15223
GOLDEN RETRIEVER,BROWN,BLAZER,15136
FLAT COATED RETRIEV,BLACK,KAYLEE,15136
LAB MIX,MULTI,PUMPKIN,15215
GOLDEN RETRIEVER,TAN,HONEYBUN,15044
MIXED,BROWN,LUCY,15229
LAB MIX,BROWN,MAGGIE,15239
AKITA,BRINDLE,FLIP,15108
PUGGLE,BLACK/BROWN,ROCKY,15215
JACK RUSSEL TERRIER,WHITE/BLACK,AILISE,15205
TERRIER MIX,BROWN,HANK,15108
AM PIT BULL TERRIER,WHITE,SNOOP,15212
HAVANESE,WHITE/BLACK,WILLIE,15228
GOLDENDOODLE,APRICOT,ZEUS,15228
BOXER,BRINDLE,STELLA,15108
MIXED,BLACK,BOOTS,15120
MIXED,BROWN,CASEY,15120
BASSET HOUND MIX,BRINDLE,JACQUELINE,15047
LAB MIX,BLACK,JAKE,15221
CHIHUAHUA,BLACK,DOLCE,15235
TERRIER MIX,WHITE/BROWN,ROSIE,15025
MASTIFF,WHITE/BLACK,JACKSON,15003
MALTESE,WHITE,DIXIE,15003
BEAGLE MIX,WHITE/BLACK,LIBBY,15234
LAB MIX,BROWN,WATSON,15101
POODLE MIX,TAN,FITZ,15108
MALTESE MIX,WHITE,ROCKY,15102
AM PIT BULL TERRIER,BRINDLE,ELEVEN ,15239
GER SHEPHERD MIX,BROWN,CHLOE,15101
ANATOLIAN SHEPHERD,BROWN,GIOVANNI ,15144
RHODESIAN RIDGEBACK,BROWN,HAVEY,15102
YORKSHIRE TERRIER,BLACK/GREY,DAISY,15146
YORKSHIRE TERRIER,BLACK/GREY,DAISY,15146
SIB HUSKY,WHITE/RED,RUBY,15147
LABRADOR RETRIEVER,BROWN,RYE,15235
POODLE MIX,BLACK,MOKA,15090
ENG SPRINGER SPANIE,SPOTTED,PARIS,15139
SHIH TZU,WHITE/BLACK,SCARLETT,15044
GOLDEN RETRIEVER,WHITE,SUGAR,15090
MIXED,BRINDLE,DUKE,15136
ENG BULLDOG,WHITE,LOLA,15228
COCKER SPANIEL,WHITE/BROWN,OSCAR,15235
AM WATER SPANIEL,BROWN,HANNAH,15037
AM WATER SPANIEL,BROWN,HOLLY,15037
POODLE STANDARD,BLACK,LUNA,15209
LAB MIX,BLACK,ROCKET,15101
MIXED,WHITE,SOPHIA,15101
MALTESE,WHITE,PRINCE MUSIC,15227
MIXED,BLACK/BROWN,PIPPEN,15044
BOXER,FAWN,GUNNER ,15037
OTHER,BROWN,OZZY,15132
SIB HUSKY,WHITE/BROWN,MAX,15136
GER SHEPHERD,BLACK/BROWN,ZOEY,15044
LAB MIX,BLACK,ISABELLA,15046
BICHON FRISE,WHITE,DAISY,15143
SHIH TZU,WHITE/BROWN,LITTLE LADY ,15122
BEAGLE MIX,WHITE/BLACK/BROWN,POOPLES,15146
CAV KING CHAR SPANI,WHITE/BROWN,BUDDY,15236
ENG BULLDOG,SPOTTED,LOLA,15101
LAB MIX,SPOTTED,HOUSTON,15220
POODLE STANDARD,BLACK,SHADOW,15108
BOXER,WHITE/BROWN,LOLA FICHTEL ,15071
BEAGLE,BLACK/BROWN,BRISTOL,15018
BEAGLE,SPOTTED,BAGEL,15218
AM PITT BULL MIX,BROWN,TACO,15234
LABRADOR RETRIEVER,RED,JUNA,15101
DOBERMAN MIX,BROWN,CROSBY,15143
GER SHEPHERD MIX,YELLOW,MADDEN,15133
LABRADOR RETRIEVER,BLACK,COCO,15137
MIXED,BLACK,GILBERT,15236
JACK RUSSEL TERRIER,WHITE/BROWN,DASHER,15237
ITALIAN GREYHOUND,BROWN,DOBBY,15241
LAB MIX,BLACK,NELLIE,15216
BORD COLLIE MIX,WHITE/BLACK,STARK,15136
DACHSHUND MIX,YELLOW,LUCKY,15108
HAVANESE,WHITE/BLACK,CHARLOTTE,15146
LABRADOR RETRIEVER,BROWN,BAILEY,15131
HAVANESE,BLACK,GEORGE,15243
GOLDEN RETRIEVER,GOLD,WILLY,15136
GOLDEN RETRIEVER,GOLD,GRACIE,15136
GOLDEN RETRIEVER,GOLD,HOLLY,15136
POODLE MIX,WHITE,WESLEY,15235
BRITTANY SPANIEL,SPOTTED,MOLLY,15228
LAB MIX,BLACK,MASON,15116
GER SHEPHERD,SABLE,JAZO,15108
MIXED,WHITE,KIKI,15332
SHETLAND SHEEPDOG,WHITE/BLACK/BROWN,DALTON,15241
LABRADOR RETRIEVER,CHOCOLATE,SAMMY ,15112
GREYHOUND,BLACK,SPUTNK,15221
GREYHOUND,BLACK,JUNO,15221
MIXED,SPOTTED,MANDY,15239
ENG POINTER,WHITE,IZZY,15239
ROTTWEILER,BLACK/BROWN,TRIXIE,15146
LAB MIX,BLACK/BROWN,P DOMINGO,15243
AM PIT BULL TERRIER,SPOTTED,SHADOW,15101
GOLDEN RETRIEVER,GOLD,BAILEY,15221
GOLDENDOODLE,BROWN,SUMMER,15101
MIXED,BLACK,ROCKY,15129
BEAGLE,WHITE/BLACK/BROWN,REESE,15139
MIXED,BROWN,PEANUT,15227
BEAGLE,YELLOW,LEON ,15202
AM BULLDOG,WHITE/BLACK/BROWN,BELLA,15241
MIXED,BLACK,FIONA,15227
YORKSHIRE TERR MIX,BLACK/BROWN,CHEWBACCA,15102
COCKER SPANIEL,SPOTTED,MOLLY,15101
GOLDENDOODLE,BLONDE,VENTO,15063
ENG BULLDOG,SPOTTED,TANK,15044
MALTESE MIX,SPOTTED,SUKI,15017
LAB MIX,BLACK/BROWN,JEWEL,15122
MIXED,BLACK,ARNIE,15220
CHIHUAHUA,BROWN,DEXTER,15045
AM BLACK&TAN COONHO,BLACK/BROWN,DANK,15045
WEIMARANER,BLUE,SHANGO,15037
SHIH TZU MIX,WHITE/BLACK/BROWN,HUNTER,15132
GOLDEN RETRIEVER,GOLD,ROSIE,15235
GOLDEN RETRIEVER,GOLD,BEAU,15235
GOLDEN RETRIEVER,GOLD,DAISY,15235
PORTUGESE WATER DOG,BLACK,JOE,15218
GOLDEN RETRIEVER,GOLD,DEXTER,15235
MIXED,BLACK,COLE,15131
SIB HUSKY MIX,BLACK/TAN,MAGNUS,15108
GER SHEPHERD,WHITE,REBEL,15144
GREAT DANE,BLUE,TUT,15227
GOLDEN RETRIEVER,GOLD,CASSIE,15218
GOLDEN RETRIEVER,BLONDE,BISCUIT,15129
AM BLACK&TAN COONHO,BLACK/BROWN,FRED,15236
GER SHEPHERD MIX,BLACK,DIESEL,15131
ST BERNARD,SPOTTED,HUGGINS,15236
GOLDEN RETRIEV MIX,BROWN,TATER,15216
BICHON FRISE,WHITE,JACK,15137
COCKER SPANIEL,BROWN,BRUNO,15106
SHETLAND SHEEPDOG,WHITE/BROWN,ROCKY,15146
ROTTWEILER,BLACK,THOR,15209
MIXED,MULTI,STUART,15146
SCHIPPERKE,BLACK,BLACK VELVET,15101
BERNESE MTN DOG,WHITE/BLACK/BROWN,ABBEY,15090
AM PITT BULL MIX,WHITE/BROWN,KING,15210
MIXED,BROWN,JEFF,15146
MIN PINSCHER,RED,CHADWICK,15136
BRITTANY SPANIEL,WHITE/RED,SHELBY,15044
BEAGLE,WHITE/BLACK/BROWN,MELODY,15057
BEAGLE,WHITE/BLACK/BROWN,RILEY,15057
GER SHEPHERD,BLACK/BROWN,JACK,15237
POODLE MIX,BLACK/GREY,MOXIE,15147
TERRIER,BROWN,SONIC,15236
CHOW CHOW,CINNAMON,JOSIE MAE,15025
POMERANIAN,BLACK,LORENZO,15236
GREAT DANE,SPOTTED,CAYMAN,15228
LAB MIX,CHOCOLATE,LADY,15209
BRIARD SHEEPDOG,BROWN,GROOT,15235
RAT TERRIER,SPOTTED,MIKA,15227
JACK RUSSEL TERRIER,SPOTTED,POCO JAX,15205
COLLIE,MULTI,SAMSON,15146
BASSET HOUND,BLACK/BROWN,ERIS,15227
BOSTON TERRIER,WHITE/BLACK,ROSIE,15239
GER SHEPHERD,BLACK/TAN,NICO,15120
MIXED,BROWN,BRAX,15143
ENG SPRINGER SPANIE,SPOTTED,CLEMMIE,15139
W HGHLND WH TERRIER,WHITE,BENJAMIN WINCHESTER,15238
BEAGLE MIX,BROWN,DAWN,15205
LABRADOODLE,BROWN,BRODY,15090
HAVANESE,MULTI,STELLA,15090
CHIHUAHUA,BROWN,NICO,15215
LAB MIX,WHITE/BLACK,MURPHY,15045
SCHNAUZER MIN,WHITE/BLACK,YODA,15238
AM PIT BULL TERRIER,WHITE/BROWN,PEE WEE,15090
CHIHUAHUA MIX,BLACK,CODY,15223
PUGGLE,BROWN,MIA,15044
YORKSHIRE TERRIER,BLACK/BROWN,ENZO BODEK,15108
SHIH TZU,BLACK WITH WHITE,LADY,15108
JAPANESE CHIN,SPOTTED,GIZMO,15146
DACHSHUND,TAN,OSCAR,15108
MIXED,BROWN,BAILEY,15065
YORKSHIRE TERRIER,MULTI,B.J,15223
SHIH TZU,WHITE,OSCAR,15102
GOLDEN RETRIEVER,GOLD,DAISY,15132
GOLDEN RETRIEVER,WHITE,AUTUMN,15132
POODLE TOY,BLACK,PRETTY,15102
SHIH TZU MIX,WHITE/APRICOT,KATIE,15044
SHIH TZU,WHITE,TOOTSIE,15102
LAB MIX,BLACK,TESLA,15202
PUG,FAWN,BAXTER,15132
NEWFOUNDLAND,SPOTTED,BOSS,15216
BEAGLE,WHITE/BLACK/BROWN,PRINCE COLEMAN,15146
AM PIT BULL TERRIER,WHITE/BROWN,COLT,15239
SIB HUSKY,WHITE/BLACK/BROWN,CASSIE,15102
CAV KING CHAR SPANI,TRI-COLOR,HEMINGWAY,15218
CHIHUAHUA,BLACK/BROWN,SMOKEY,15234
CHIHUAHUA,WHITE,TRUDY,15234
BEAGLE,WHITE/BLACK/BROWN,DUKE,15241
BEAGLE MIX,WHITE/BROWN,BERNIE,15136
LHASA APSO,WHITE/BEIGE,COCO,15239
BLUE HEELER,BLACK,BANDIT,15116
LHASA APSO,WHITE/BEIGE,COCO,15239
BEAGLE,WHITE/BLACK/BROWN,LUCY LOU,15215
AIREDALE TERRIER,BLACK/BROWN,ZEKE,15108
SHETLAND SHEEPDOG,BROWN,JENA LYNN,15044
JAPANESE CHIN,WHITE/BLACK,TRUDY,15108
BOXER,WHITE/BLACK,OREO,15129
DOBERMAN PINSCHER,BLACK/TAN,BLITZ,15102
GOLDENDOODLE,BROWN,HAZEL,15126
COCKER SPANIEL,BLACK,DEKA,15044
SFT COAT WHEAT TERR,WHITE,GRACE ZOMBEK,15235
SHIH TZU,WHITE,JAZZI,15120
YORKSHIRE TERRIER,BROWN,MAXIE,15143
GER SHEPHERD,SABLE,TAYA,15126
LABRADOR RETRIEVER,BLACK,DIAMOND,15120
LABRADOR RETRIEVER,BLACK,MILLIE,15129
LABRADOR RETRIEVER,BLACK,DISNEY,15129
LABRADOR RETRIEVER,MULTI,ASHE,15037
LABRADOODLE,BLACK/SILVER,FINLEY,15017
LABRADOR RETRIEVER,WHITE,ROSIE,15126
GER SHEPHERD MIX,BROWN,CHEVY,15102
BOXER,BRINDLE,ANDI,15005
JACK RUSSEL TERRIER,WHITE,LULU DERRY,15237
LABRADOODLE,BLACK,BONSAI,15237
BOXER,MULTI,BAILEY,15205
DACHSHUND,BLACK/BROWN,BOOMER,15090
MIXED,WHITE/BLACK/BROWN,EMIL,15243
DACHSHUND,SPOTTED,FRANKIE,15132
FRENCH BULLDOG,WHITE/GREY,SAMANTHA,15332
DACHSHUND,BROWN,ALEX II,15056
SHIH TZU,WHITE/BLACK,PEPPY,15235
GOLDENDOODLE,BROWN,LOUIE,15216
ALAS MALAMUTE,WHITE/BLACK,SMOKIE,15116
LAB MIX,BLACK,ASPEN,15237
GOLDEN RETRIEVER,BROWN,TOBY,15205
LABRADOR RETRIEVER,BROWN,WESTIN,15237
GER SHORTHAIR POINT,BLACK,SHADOW,15235
POMERANIAN MIX,RUST,LOKI,15017
MIXED,WHITE/RED,CROSBY,15146
ST BERNARD,MULTI,BULLA,15143
GER SHEPHERD,BROWN,SARAH,15239
MIXED,WHITE,LUNA,15017
BISHON FRISE MIX,WHITE/BLACK,COOKIE,15146
PUGGLE,BROWN,MACY,15044
ENGLISH MASTIFF,FAWN,MARGE,15143
WEIMARANER,GREY,BELLA,15102
LABRADOR RETRIEVER,BROWN,NINO,15102
COCKER SPANIEL MIX,WHITE/BLACK,JACK,15102
GOLDENDOODLE,BROWN,WINSLOW,15044
YORKSHIRE TERRIER,BLACK/BROWN,ROCKY KALAKOS,15220
LAB MIX,WHITE/BLACK/BROWN,ELLIE,15220
GOLDENDOODLE,WHITE,CLARENCE,15143
SHETLAND SHEEPDOG,BLACK,GRIFFIN,15136
